score,b1,b2,b3,b4,b5,b6,b7,b8,b9,p1,p2,h,w
5,0.264,0.238,0.333,0.277,0.269,0.253,0.229,0.268,0.1,4.58,4.44,1,0
6,0.244,0.306,0.264,0.293,0.282,0.289,0.286,0.307,0.233,3.63,4.56,0,0
3,0.462,0.314,0.333,0.32,0.372,0.295,0.242,0.273,0.0,1.65,4.46,1,0
9,0.198,0.233,0.352,0.38,0.313,0.235,0.233,0.376,0.338,2.3,4.82,0,0
0,0.242,0.25,0.213,0.087,0.243,0.247,0.286,0.289,0.182,3.51,3.88,1,0
9,0.301,0.402,0.313,0.235,0.333,0.289,0.278,0.295,0.247,6.25,4.37,0,0
1,0.351,0.269,0.277,0.313,0.32,0.323,0.302,0.243,0.333,3.9,3.89,1,0
2,0.333,0.345,0.2,0.316,0.2,0.289,0.244,0.256,0.167,2.75,2.92,0,0
6,0.264,0.333,0.257,0.172,0.403,0.25,0.255,0.226,0.27,3.61,4.49,1,0
5,0.308,0.336,0.218,0.313,0.319,0.25,0.167,0.24,0.189,4.46,5.82,0,0
8,0.288,0.259,0.264,0.247,0.341,0.267,0.333,0.271,0.247,3.91,4.51,1,0
9,0.301,0.276,0.301,0.444,0.287,0.273,0.0,0.167,0.325,6.9,4.7,0,0
1,0.288,0.339,0.358,0.304,0.293,0.412,0.253,0.305,0.231,1.52,4.34,1,0
2,0.36,0.347,0.189,0.299,0.206,0.236,0.375,0.254,0.5,3.64,4.72,0,0
8,0.247,0.313,0.31,0.242,0.268,0.259,0.259,0.175,0.08,5.26,4.01,1,0
2,0.287,0.313,0.299,0.31,0.235,0.4,0.293,0.263,0.302,1.67,4.28,0,0
13,0.294,0.286,0.33,0.32,0.18,0.351,0.309,0.0,0.317,8.75,4.23,1,0
0,0.34,0.333,0.186,0.306,0.206,0.28,0.231,0.25,0.164,1.3,2.82,0,0
4,0.263,0.33,0.257,0.255,0.394,0.179,0.219,0.19,0.278,6.32,4.48,1,0
10,0.314,0.33,0.333,0.316,0.237,0.241,0.256,0.173,0.286,12.15,5.97,0,0
6,0.208,0.274,0.258,0.27,0.235,0.33,0.289,0.26,0.219,6.23,4.58,1,0
2,0.27,0.357,0.297,0.299,0.125,0.291,0.302,0.179,0.357,4.94,4.6,0,0
9,0.373,0.2,0.303,0.339,0.382,0.357,0.305,0.304,0.25,9.39,4.48,1,0
1,0.255,0.192,0.37,0.343,0.346,0.325,0.357,0.243,0.246,2.75,4.59,0,0
2,0.351,0.247,0.308,0.262,0.267,0.226,0.226,0.24,0.26,2.23,3.94,1,0
3,0.277,0.394,0.308,0.302,0.236,0.275,0.263,0.311,0.266,7.36,4.24,0,0
4,0.294,0.308,0.319,0.34,0.321,0.289,0.17,0.316,0.0,6.17,4.14,1,0
3,0.333,0.336,0.294,0.278,0.209,0.231,0.196,0.247,0.368,2.52,2.72,0,0
2,0.318,0.265,0.197,0.373,0.256,0.269,0.295,0.323,0.0,2.33,4.39,1,0
17,0.325,0.319,0.273,0.311,0.325,0.192,0.256,0.262,0.296,14.4,6.28,0,0
3,0.252,0.262,0.284,0.38,0.298,0.095,0.319,0.238,0.278,2.93,4.38,1,0
5,0.192,0.275,0.333,0.34,0.375,0.29,0.148,0.294,0.254,3.1,3.96,0,0
13,0.306,0.31,0.13,0.316,0.287,0.333,0.5,0.258,0.158,8.49,4.52,1,0
1,0.341,0.186,0.252,0.244,0.263,0.25,0.24,0.301,0.212,3.63,4.46,0,0
1,0.267,0.3,0.325,0.333,0.316,0.25,0.185,0.247,0.333,2.23,2.66,1,0
3,0.327,0.292,0.318,0.296,0.329,0.286,0.309,0.3,0.0,4.15,4.35,0,0
5,0.302,0.375,0.339,0.36,0.295,0.368,0.36,0.186,0.306,7.32,4.63,1,0
3,0.241,0.241,0.326,0.258,0.282,0.262,0.292,0.25,0.237,2.6,4.53,0,0
7,0.182,0.341,0.277,0.242,0.304,0.258,0.343,0.286,0.2,4.2,6.33,1,0
2,0.308,0.273,0.2,0.367,0.268,0.25,0.313,0.308,0.21,3.13,4.07,0,0
0,0.283,0.306,0.3,0.306,0.295,0.378,0.254,0.25,0.0,1.99,4.24,1,0
3,0.252,0.286,0.267,0.263,0.369,0.318,0.374,0.257,0.34,4.62,3.93,0,0
5,0.313,0.277,0.305,0.307,0.273,0.417,0.328,0.348,0.294,3.19,4.52,1,0
3,0.25,0.175,0.311,0.262,0.247,0.302,0.255,0.253,0.22,7.48,4.41,0,0
5,0.317,0.311,0.323,0.318,0.25,0.222,0.2,0.27,0.295,5.65,2.74,1,0
7,0.067,0.302,0.294,0.31,0.316,0.333,0.324,0.321,0.291,4.99,4.43,0,1
5,0.375,0.341,0.361,0.289,0.322,0.36,0.316,0.273,0.361,4.67,4.65,1,0
13,0.286,0.238,0.268,0.301,0.247,0.304,0.337,0.253,0.309,7.16,4.81,0,0
1,0.255,0.338,0.349,0.174,0.192,0.296,0.2,0.272,0.28,8.1,6.16,1,0
12,0.302,0.25,0.361,0.32,0.212,0.256,0.321,0.208,0.268,7.76,4.03,0,0
3,0.296,0.286,0.397,0.305,0.324,0.214,0.297,0.253,0.248,1.99,4.2,1,0
5,0.25,0.36,0.304,0.369,0.243,0.336,0.292,0.313,0.277,4.75,3.87,0,0
0,0.311,0.276,0.294,0.297,0.24,0.32,0.27,0.347,0.407,3.35,4.37,1,0
10,0.248,0.108,0.3,0.254,0.273,0.253,0.262,0.182,0.19,6.04,4.59,0,0
4,0.291,0.315,0.213,0.313,0.323,0.36,0.269,0.239,0.241,3.05,2.78,1,0
10,0.294,0.321,0.34,0.299,0.291,0.307,0.319,0.293,0.125,4.34,4.6,0,1
6,0.333,0.352,0.309,0.333,0.293,0.366,0.277,0.245,0.194,0.0,4.61,1,0
6,0.268,0.261,0.281,0.284,0.274,0.241,0.263,0.261,0.26,2.17,4.77,0,0
13,0.289,0.348,0.3,0.273,0.345,0.208,0.258,0.282,0.274,5.79,6.27,1,0
3,0.242,0.31,0.268,0.222,0.308,0.25,0.372,0.208,0.25,3.94,3.97,0,0
9,0.191,0.25,0.376,0.304,0.374,0.231,0.364,0.294,0.305,7.61,5.75,1,1
4,0.327,0.263,0.264,0.264,0.291,0.222,0.222,0.235,0.256,1.9,4.79,0,0
0,0.242,0.371,0.302,0.273,0.184,0.364,0.296,0.32,0.278,1.41,4.39,1,1
3,0.25,0.253,0.27,0.34,0.263,0.235,0.267,0.286,0.21,6.59,4.16,0,0
1,0.235,0.297,0.26,0.212,0.36,0.255,0.323,0.22,0.242,2.28,2.72,1,0
6,0.307,0.347,0.283,0.326,0.206,0.308,0.301,0.295,0.161,4.0,6.26,0,1
1,0.318,0.268,0.241,0.287,0.27,0.321,0.327,0.367,0.291,3.16,3.78,1,0
8,0.313,0.254,0.125,0.4,0.33,0.303,0.286,0.288,0.226,3.99,4.66,0,0
6,0.318,0.213,0.309,0.337,0.253,0.292,0.338,0.256,0.271,6.75,4.67,1,0
0,0.269,0.35,0.25,0.273,0.313,0.267,0.272,0.255,0.233,2.01,4.47,0,0
3,0.387,0.345,0.281,0.333,0.276,0.2,0.275,0.303,0.26,3.75,4.73,1,0
0,0.348,0.294,0.362,0.107,0.347,0.236,0.304,0.333,0.184,1.49,3.85,0,0
2,0.242,0.356,0.309,0.361,0.254,0.179,0.287,0.235,0.333,9.0,4.29,1,0
4,0.256,0.345,0.282,0.278,0.212,0.161,0.25,0.239,0.255,2.93,4.1,0,0
5,0.314,0.235,0.213,0.254,0.287,0.269,0.348,0.223,0.245,2.57,2.73,1,0
8,0.304,0.305,0.329,0.299,0.317,0.326,0.189,0.327,0.296,4.59,6.31,0,1
2,0.324,0.286,0.111,0.283,0.377,0.271,0.316,0.279,0.344,1.91,3.74,1,0
1,0.268,0.387,0.301,0.294,0.313,0.321,0.091,0.253,0.25,3.21,4.55,0,0
7,0.336,0.204,0.307,0.354,0.253,0.245,0.324,0.265,0.203,5.29,4.66,1,0
0,0.243,0.0,0.31,0.276,0.35,0.243,0.259,0.253,0.25,3.3,4.34,0,0
1,0.274,0.271,0.322,0.412,0.345,0.263,0.245,0.279,0.286,2.53,4.62,1,0
2,0.233,0.353,0.298,0.333,0.333,0.354,0.171,0.361,0.25,3.05,3.79,0,0
3,0.301,0.338,0.323,0.315,0.297,0.292,0.317,0.169,0.205,6.41,4.51,1,1
5,0.304,0.288,0.294,0.384,0.277,0.271,0.097,0.333,0.316,5.58,2.8,0,0
8,0.265,0.308,0.125,0.25,0.223,0.253,0.277,0.274,0.352,1.94,4.11,1,0
2,0.234,0.352,0.307,0.349,0.284,0.274,0.288,0.238,0.324,4.38,4.59,0,0
5,0.246,0.181,0.281,0.292,0.255,0.243,0.217,0.257,0.214,4.32,3.8,1,0
8,0.354,0.279,0.282,0.284,0.265,0.0,0.162,0.266,0.317,3.72,4.4,0,0
4,0.359,0.268,0.226,0.288,0.217,0.337,0.259,0.25,0.195,4.59,4.62,1,0
1,0.323,0.234,0.358,0.297,0.222,0.286,0.355,0.268,0.31,2.42,6.16,0,0
0,0.31,0.349,0.303,0.31,0.29,0.343,0.282,0.2,0.111,0.0,4.38,1,0
10,0.268,0.316,0.322,0.31,0.295,0.292,0.403,0.26,0.308,3.33,2.92,0,0
3,0.257,0.26,0.283,0.167,0.24,0.247,0.299,0.343,0.256,2.18,4.05,1,0
5,0.322,0.303,0.269,0.149,0.354,0.235,0.343,0.233,0.266,3.19,4.57,0,0
5,0.26,0.263,0.344,0.267,0.187,0.274,0.301,0.247,0.224,4.24,3.85,1,0
2,0.351,0.27,0.207,0.284,0.0,0.254,0.243,0.2,0.268,3.25,4.33,0,0
4,0.294,0.383,0.238,0.307,0.33,0.295,0.292,0.252,0.247,7.94,4.33,1,0
9,0.336,0.263,0.29,0.306,0.35,0.277,0.32,0.265,0.172,4.33,3.89,0,0
4,0.349,0.287,0.267,0.218,0.27,0.219,0.301,0.242,0.236,3.63,4.6,1,0
5,0.3,0.239,0.356,0.235,0.287,0.2,0.336,0.362,0.3,13.19,6.12,0,0
4,0.345,0.289,0.298,0.224,0.31,0.329,0.316,0.159,0.284,4.82,4.39,1,0
1,0.328,0.308,0.294,0.291,0.407,0.264,0.3,0.0,0.293,1.34,2.86,0,1
4,0.298,0.33,0.283,0.261,0.3,0.2,0.245,0.255,0.25,2.15,4.06,1,0
3,0.171,0.33,0.308,0.358,0.25,0.322,0.236,0.222,0.297,2.16,4.53,0,0
10,0.265,0.175,0.264,0.273,0.23,0.238,0.373,0.26,0.217,12.1,3.92,1,0
5,0.318,0.355,0.292,0.234,0.333,0.154,0.271,0.2,0.286,7.62,4.35,0,0
1,0.293,0.257,0.244,0.307,0.222,0.374,0.322,0.143,0.287,3.79,4.23,1,0
15,0.292,0.325,0.304,0.356,0.342,0.265,0.291,0.218,0.267,7.0,4.2,0,1
4,0.278,0.269,0.23,0.274,0.22,0.326,0.148,0.302,0.053,2.38,4.58,1,0
5,0.363,0.352,0.227,0.333,0.189,0.0,0.229,0.362,0.296,7.36,6.07,0,0
2,0.367,0.373,0.339,0.295,0.246,0.219,0.188,0.282,0.329,2.41,4.34,1,0
1,0.317,0.259,0.292,0.283,0.405,0.268,0.309,0.29,0.279,3.21,4.46,0,0
6,0.317,0.319,0.295,0.244,0.258,0.208,0.381,0.263,0.288,1.42,4.38,1,0
0,0.256,0.262,0.371,0.221,0.252,0.261,0.171,0.2,0.277,3.82,4.09,0,0
3,0.325,0.302,0.26,0.243,0.165,0.348,0.306,0.228,0.325,2.36,2.86,1,0
2,0.348,0.279,0.316,0.308,0.213,0.291,0.167,0.297,0.19,5.49,3.99,0,0
1,0.34,0.309,0.361,0.29,0.333,0.257,0.285,0.164,0.2,6.4,3.84,1,1
2,0.282,0.346,0.298,0.277,0.262,0.302,0.265,0.318,0.194,2.09,4.17,0,0
2,0.211,0.246,0.257,0.253,0.322,0.277,0.234,0.288,0.234,3.81,5.96,1,0
8,0.231,0.294,0.268,0.24,0.337,0.228,0.276,0.271,0.245,6.64,4.54,0,0
4,0.361,0.367,0.375,0.238,0.333,0.31,0.303,0.176,0.0,3.96,4.3,1,1
8,0.305,0.296,0.404,0.246,0.25,0.274,0.265,0.32,0.313,3.04,4.55,0,0
9,0.313,0.317,0.302,0.287,0.259,0.387,0.25,0.268,0.267,7.77,4.36,1,0
4,0.259,0.378,0.21,0.275,0.184,0.25,0.255,0.231,0.241,2.92,4.06,0,0
8,0.248,0.322,0.16,0.352,0.305,0.308,0.219,0.28,0.336,3.33,3.0,1,0
3,0.3,0.333,0.32,0.351,0.316,0.308,0.273,0.287,0.295,2.94,3.94,0,0
1,0.338,0.341,0.276,0.357,0.278,0.191,0.275,0.303,0.275,2.81,3.77,1,0
2,0.3,0.305,0.309,0.27,0.34,0.274,0.188,0.3,0.255,3.14,4.12,0,0
2,0.27,0.257,0.319,0.255,0.248,0.269,0.242,0.271,0.238,4.4,5.86,1,0
5,0.243,0.26,0.229,0.309,0.282,0.13,0.231,0.138,0.25,4.85,4.53,0,0
8,0.304,0.361,0.367,0.395,0.24,0.296,0.231,0.167,0.327,6.27,4.41,1,0
6,0.404,0.263,0.273,0.246,0.312,0.231,0.297,0.301,0.118,0.0,4.59,0,0
11,0.289,0.271,0.303,0.302,0.269,0.267,0.32,0.393,0.317,4.22,4.54,1,0
4,0.264,0.372,0.143,0.25,0.294,0.259,0.214,0.165,0.222,1.85,4.03,0,0
9,0.325,0.176,0.354,0.333,0.25,0.298,0.309,0.295,0.214,6.81,3.16,1,0
4,0.319,0.321,0.279,0.306,0.343,0.288,0.301,0.229,0.174,1.89,3.94,0,0
7,0.348,0.353,0.267,0.265,0.331,0.277,0.304,0.196,0.277,7.0,3.83,1,0
4,0.309,0.355,0.273,0.298,0.0,0.302,0.257,0.263,0.229,4.35,4.09,0,0
4,0.284,0.277,0.262,0.214,0.301,0.208,0.32,0.239,0.236,2.3,5.83,1,0
1,0.305,0.259,0.239,0.223,0.276,0.271,0.33,0.227,0.245,4.01,4.44,0,0
4,0.313,0.291,0.296,0.279,0.241,0.333,0.194,0.304,0.286,4.17,3.98,1,0
9,0.329,0.268,0.389,0.315,0.25,0.304,0.13,0.154,0.333,7.2,3.28,0,1
6,0.255,0.17,0.351,0.331,0.299,0.325,0.296,0.32,0.268,6.94,4.14,1,1
7,0.333,0.34,0.307,0.291,0.286,0.188,0.268,0.27,0.379,2.23,4.01,0,0
1,0.273,0.125,0.309,0.291,0.222,0.269,0.0,0.351,0.182,2.98,4.35,1,0
11,0.297,0.282,0.317,0.237,0.225,0.274,0.259,0.228,0.235,5.6,4.01,0,0
2,0.261,0.302,0.333,0.301,0.402,0.282,0.24,0.22,0.239,5.03,5.71,1,0
6,0.281,0.239,0.224,0.283,0.245,0.321,0.279,0.273,0.297,3.48,4.45,0,0
3,0.257,0.25,0.293,0.255,0.5,0.25,0.156,0.25,0.243,3.49,4.55,1,0
4,0.32,0.364,0.364,0.233,0.342,0.318,0.175,0.235,0.378,3.44,4.52,0,0
3,0.297,0.294,0.284,0.297,0.324,0.295,0.233,0.2,0.319,6.68,3.97,1,0
2,0.325,0.385,0.305,0.308,0.263,0.14,0.333,0.4,0.298,1.34,3.25,0,1
0,0.261,0.329,0.323,0.342,0.294,0.307,0.139,0.154,0.216,3.25,4.04,1,0
6,0.335,0.295,0.298,0.337,0.364,0.284,0.269,0.282,0.202,2.9,4.06,0,0
1,0.31,0.283,0.351,0.281,0.176,0.286,0.259,0.237,0.221,2.19,4.29,1,0
0,0.28,0.287,0.282,0.266,0.31,0.246,0.237,0.241,0.231,7.47,3.91,0,0
8,0.317,0.402,0.295,0.25,0.071,0.307,0.0,0.298,0.0,7.98,5.76,1,0
9,0.242,0.225,0.277,0.336,0.25,0.275,0.273,0.172,0.25,4.94,4.53,0,0
3,0.213,0.211,0.25,0.285,0.369,0.25,0.215,0.333,0.281,2.55,4.51,1,0
11,0.309,0.367,0.367,0.303,0.241,0.302,0.164,0.259,0.333,8.62,4.68,0,0
4,0.289,0.293,0.245,0.19,0.307,0.326,0.276,0.318,0.298,4.24,3.98,1,0
3,0.317,0.388,0.307,0.263,0.25,0.291,0.375,0.294,0.136,2.24,3.24,0,0
3,0.266,0.331,0.312,0.328,0.257,0.335,0.287,0.0,0.212,2.18,4.01,1,0
7,0.337,0.349,0.289,0.194,0.268,0.337,0.292,0.292,0.304,5.63,4.13,0,1
4,0.272,0.268,0.385,0.349,0.282,0.315,0.3,0.171,0.226,5.81,4.23,1,0
9,0.287,0.311,0.235,0.234,0.244,0.278,0.286,0.231,0.0,6.44,4.01,0,0
7,0.265,0.308,0.304,0.315,0.406,0.301,0.366,0.17,0.154,3.79,5.79,1,0
8,0.253,0.248,0.282,0.281,0.276,0.272,0.241,0.143,0.336,2.23,4.52,0,0
13,0.264,0.306,0.202,0.243,0.291,0.246,0.274,0.375,0.372,4.45,4.72,1,0
4,0.299,0.305,0.365,0.377,0.322,0.304,0.236,0.193,0.261,1.8,4.62,0,1
8,0.269,0.311,0.405,0.37,0.301,0.307,0.315,0.138,0.267,2.95,4.21,1,0
13,0.323,0.293,0.264,0.211,0.272,0.346,0.306,0.328,0.345,5.22,4.69,0,0
3,0.272,0.248,0.28,0.286,0.279,0.27,0.275,0.235,0.25,1.69,4.58,1,1
12,0.267,0.284,0.289,0.378,0.247,0.258,0.545,0.252,0.206,5.02,5.93,0,0
4,0.362,0.367,0.32,0.351,0.325,0.261,0.29,0.231,0.19,2.51,3.99,1,0
15,0.125,0.356,0.276,0.308,0.254,0.174,0.238,0.405,0.31,3.9,4.96,0,0
7,0.3,0.316,0.29,0.359,0.269,0.127,0.305,0.383,0.3,4.7,4.29,1,0
6,0.282,0.231,0.289,0.303,0.309,0.244,0.276,0.239,0.234,3.47,4.02,0,0
3,0.294,0.316,0.263,0.291,0.309,0.395,0.307,0.347,0.184,1.82,4.19,1,0
9,0.309,0.302,0.338,0.271,0.349,0.273,0.275,0.223,0.354,7.07,4.79,0,0
8,0.336,0.275,0.254,0.234,0.277,0.264,0.172,0.275,0.27,4.4,4.65,1,0
9,0.379,0.563,0.272,0.245,0.247,0.27,0.208,0.29,0.262,5.4,5.99,0,0
4,0.273,0.359,0.366,0.297,0.319,0.356,0.24,0.333,0.0,5.58,3.99,1,0
5,0.383,0.351,0.286,0.331,0.177,0.319,0.281,0.264,0.227,2.45,4.92,0,0
1,0.318,0.291,0.303,0.255,0.298,0.284,0.271,0.328,0.25,3.97,3.94,1,0
2,0.28,0.303,0.291,0.282,0.268,0.346,0.341,0.198,0.333,3.18,3.22,0,1
7,0.314,0.309,0.349,0.373,0.31,0.28,0.259,0.291,0.123,4.27,4.36,1,0
5,0.287,0.301,0.281,0.308,0.209,0.294,0.277,0.167,0.238,1.78,4.04,0,0
4,0.267,0.301,0.398,0.293,0.31,0.301,0.327,0.293,0.098,2.49,4.18,1,0
6,0.31,0.222,0.338,0.2,0.274,0.303,0.338,0.0,0.0,3.34,4.75,0,0
6,0.224,0.254,0.268,0.262,0.276,0.236,0.331,0.222,0.281,7.99,4.69,1,0
4,0.266,0.173,0.5,0.274,0.24,0.286,0.202,0.235,0.286,4.25,5.94,0,1
3,0.284,0.261,0.356,0.333,0.235,0.291,0.325,0.182,0.357,6.32,3.97,1,0
13,0.347,0.285,0.34,0.262,0.281,0.392,0.291,0.181,0.319,5.01,5.07,0,0
7,0.318,0.321,0.316,0.298,0.295,0.364,0.306,0.304,0.287,7.31,4.01,1,0
9,0.299,0.294,0.198,0.276,0.335,0.297,0.345,0.204,0.336,3.28,3.3,0,1
17,0.313,0.27,0.324,0.34,0.315,0.304,0.28,0.145,0.311,4.47,4.64,1,0
6,0.299,0.276,0.299,0.2,0.232,0.289,0.283,0.261,0.295,4.61,4.08,0,0
5,0.344,0.382,0.284,0.337,0.183,0.329,0.261,0.304,0.283,4.4,4.74,1,1
3,0.304,0.307,0.39,0.311,0.286,0.278,0.357,0.133,0.279,6.04,3.95,0,0
3,0.326,0.293,0.304,0.267,0.345,0.202,0.336,0.298,0.264,3.53,4.64,1,1
5,0.285,0.4,0.28,0.22,0.458,0.242,0.287,0.276,0.256,3.22,4.02,0,0
6,0.298,0.275,0.305,0.276,0.267,0.28,0.238,0.296,0.271,5.82,3.37,1,0
1,0.294,0.328,0.321,0.262,0.289,0.287,0.27,0.293,0.185,1.53,4.57,0,0
2,0.265,0.303,0.297,0.345,0.25,0.333,0.278,0.333,0.218,5.67,4.04,1,1
8,0.311,0.328,0.353,0.279,0.164,0.273,0.333,0.292,0.133,3.64,4.26,0,1
18,0.283,0.351,0.301,0.354,0.269,0.335,0.237,0.28,0.203,3.86,6.22,1,0
3,0.258,0.267,0.147,0.287,0.323,0.128,0.266,0.257,0.233,2.75,5.03,0,0
1,0.292,0.289,0.335,0.321,0.16,0.187,0.386,0.321,0.279,5.24,4.67,1,1
6,0.276,0.31,0.394,0.367,0.143,0.27,0.286,0.301,0.313,5.66,3.99,0,0
10,0.307,0.271,0.35,0.298,0.332,0.294,0.205,0.265,0.353,7.71,4.76,1,0
4,0.288,0.394,0.28,0.5,0.242,0.192,0.174,0.258,0.291,2.4,4.02,0,0
4,0.289,0.281,0.31,0.25,0.246,0.281,0.27,0.25,0.3,1.36,3.39,1,0
3,0.282,0.281,0.319,0.4,0.292,0.255,0.323,0.181,0.274,5.17,4.53,0,0
15,0.278,0.311,0.347,0.269,0.344,0.4,0.297,0.327,0.213,6.23,4.28,1,0
7,0.339,0.326,0.377,0.169,0.301,0.318,0.312,0.28,0.265,5.9,4.32,0,1
7,0.267,0.301,0.354,0.358,0.321,0.244,0.3,0.185,0.343,10.44,6.25,1,0
4,0.273,0.253,0.292,0.257,0.261,0.263,0.265,0.323,0.156,4.59,5.01,0,0
1,0.153,0.361,0.282,0.272,0.339,0.198,0.296,0.239,0.22,4.63,4.59,1,0
8,0.279,0.386,0.31,0.255,0.185,0.391,0.17,0.31,0.292,2.84,4.01,0,0
9,0.336,0.286,0.318,0.286,0.279,0.332,0.208,0.324,0.301,7.94,4.86,1,0
5,0.293,0.389,0.239,0.279,0.438,0.26,0.244,0.282,0.284,5.14,4.04,0,0
5,0.267,0.288,0.268,0.304,0.265,0.2,0.236,0.292,0.284,2.59,3.41,1,0
2,0.309,0.368,0.281,0.286,0.282,0.335,0.287,0.25,0.176,4.33,4.48,0,0
8,0.275,0.333,0.381,0.205,0.31,0.345,0.279,0.3,0.25,3.0,4.35,1,0
4,0.326,0.247,0.311,0.389,0.308,0.278,0.329,0.163,0.304,3.09,4.29,0,0
2,0.361,0.353,0.331,0.248,0.29,0.275,0.343,0.296,0.197,4.84,6.16,1,0
3,0.283,0.257,0.291,0.259,0.226,0.227,0.259,0.326,0.233,4.6,4.97,0,0
7,0.301,0.189,0.275,0.359,0.194,0.333,0.309,0.269,0.218,2.07,4.34,1,0
9,0.278,0.303,0.352,0.314,0.325,0.355,0.36,0.221,0.28,5.82,4.09,0,0
0,0.257,0.252,0.288,0.259,0.26,0.222,0.261,0.289,0.139,1.58,4.26,1,0
1,0.32,0.299,0.338,0.321,0.382,0.315,0.273,0.25,0.159,3.5,6.06,0,0
5,0.298,0.287,0.32,0.308,0.368,0.378,0.293,0.196,0.263,4.53,4.05,1,0
2,0.333,0.333,0.31,0.296,0.285,0.279,0.203,0.275,0.338,6.05,4.54,0,0
3,0.286,0.273,0.393,0.221,0.244,0.4,0.252,0.286,0.275,3.91,4.45,1,0
8,0.287,0.263,0.246,0.28,0.299,0.291,0.254,0.298,0.262,8.77,4.92,0,1
1,0.299,0.391,0.333,0.279,0.286,0.252,0.23,0.283,0.31,2.0,4.89,1,0
3,0.288,0.359,0.346,0.121,0.25,0.291,0.343,0.27,0.207,3.24,3.4,0,0
2,0.189,0.308,0.338,0.331,0.188,0.329,0.22,0.264,0.278,2.29,4.3,1,0
10,0.311,0.327,0.3,0.283,0.302,0.364,0.25,0.224,0.348,9.0,4.21,0,1
11,0.244,0.267,0.287,0.25,0.295,0.26,0.326,0.217,0.219,4.74,4.34,1,0
4,0.317,0.271,0.385,0.314,0.291,0.338,0.317,0.237,0.244,3.48,6.02,0,0
3,0.302,0.324,0.287,0.283,0.377,0.366,0.255,0.311,0.194,3.13,4.02,1,1
1,0.327,0.331,0.336,0.284,0.305,0.206,0.28,0.259,0.293,3.17,4.47,0,0
2,0.281,0.385,0.222,0.295,0.237,0.289,0.182,0.271,0.395,4.4,4.41,1,0
8,0.295,0.262,0.297,0.263,0.236,0.279,0.242,0.241,0.243,9.0,4.96,0,1
5,0.331,0.285,0.6,0.3,0.333,0.263,0.293,0.4,0.276,5.45,4.9,1,0
2,0.337,0.296,0.25,0.354,0.29,0.358,0.111,0.343,0.203,3.0,3.35,0,0
8,0.295,0.2,0.28,0.315,0.22,0.366,0.337,0.279,0.262,3.93,4.32,1,0
7,0.308,0.305,0.277,0.346,0.367,0.324,0.327,0.226,0.267,6.66,4.2,0,1
13,0.237,0.308,0.271,0.316,0.287,0.244,0.266,0.182,0.221,6.55,4.51,1,0
2,0.311,0.29,0.271,0.292,0.324,0.384,0.242,0.118,0.125,4.01,5.94,0,0
6,0.305,0.287,0.373,0.315,0.387,0.319,0.283,0.2,0.258,3.47,4.04,1,1
8,0.288,0.305,0.336,0.34,0.272,0.307,0.322,0.3,0.211,5.51,4.54,0,0
4,0.398,0.283,0.276,0.241,0.264,0.239,0.28,0.267,0.218,1.42,4.38,1,0
10,0.263,0.303,0.296,0.301,0.273,0.303,0.236,0.237,0.28,4.04,5.06,0,1
6,0.299,0.316,0.28,0.337,0.279,0.277,0.5,0.333,0.286,3.05,4.89,1,0
1,0.356,0.365,0.329,0.259,0.295,0.205,0.288,0.251,0.337,4.15,3.31,0,0
5,0.305,0.286,0.271,0.264,0.286,0.266,0.265,0.324,0.217,6.68,4.34,1,0
1,0.276,0.365,0.32,0.339,0.305,0.145,0.304,0.273,0.225,3.63,5.84,0,0
8,0.329,0.322,0.35,0.379,0.315,0.312,0.229,0.268,0.266,3.27,5.12,1,0
11,0.279,0.27,0.252,0.252,0.247,0.273,0.27,0.397,0.395,5.79,4.63,0,0
1,0.297,0.25,0.278,0.279,0.278,0.333,0.293,0.219,0.444,5.17,4.14,1,0
4,0.273,0.335,0.202,0.263,0.378,0.199,0.223,0.273,0.298,1.61,3.3,0,0
4,0.295,0.333,0.251,0.339,0.332,0.351,0.261,0.291,0.132,2.42,4.04,1,0
15,0.342,0.297,0.263,0.287,0.22,0.242,0.314,0.336,0.306,5.59,5.09,0,0
5,0.302,0.321,0.367,0.284,0.286,0.38,0.282,0.315,0.206,5.25,4.37,1,0
4,0.261,0.294,0.257,0.261,0.302,0.247,0.279,0.295,0.292,5.45,4.53,0,1
6,0.268,0.324,0.27,0.309,0.329,0.265,0.255,0.212,0.283,3.23,4.37,1,1
5,0.273,0.307,0.308,0.322,0.362,0.225,0.333,0.275,0.141,7.36,5.8,0,0
1,0.33,0.292,0.308,0.265,0.329,0.373,0.313,0.221,0.148,1.54,5.04,1,0
10,0.282,0.222,0.264,0.4,0.278,0.383,0.249,0.272,0.254,6.94,4.7,0,0
3,0.331,0.283,0.278,0.385,0.291,0.345,0.273,0.308,0.279,2.82,4.1,1,0
4,0.303,0.276,0.359,0.207,0.33,0.271,0.196,0.233,0.27,2.72,3.31,0,0
8,0.323,0.34,0.251,0.26,0.296,0.229,0.317,0.351,0.333,8.1,4.12,1,0
5,0.31,0.331,0.328,0.237,0.279,0.305,0.223,0.341,0.221,4.28,5.08,0,0
2,0.301,0.29,0.319,0.314,0.398,0.277,0.209,0.36,0.286,4.11,4.33,1,0
5,0.26,0.292,0.261,0.225,0.272,0.293,0.274,0.238,0.292,5.05,4.53,0,0
3,0.268,0.333,0.265,0.263,0.324,0.31,0.25,0.25,0.209,2.31,4.35,1,1
13,0.28,0.326,0.363,0.287,0.301,0.326,0.308,0.219,0.286,4.52,5.91,0,0
14,0.374,0.333,0.303,0.161,0.313,0.336,0.271,0.287,0.239,8.62,5.22,1,0
8,0.365,0.286,0.254,0.283,0.263,0.265,0.225,0.409,0.25,4.11,4.76,0,0
5,0.394,0.272,0.282,0.269,0.412,0.278,0.143,0.287,0.261,6.91,4.12,1,0
6,0.332,0.274,0.317,0.354,0.264,0.21,0.191,0.23,0.266,3.65,3.35,0,1
1,0.299,0.315,0.353,0.332,0.253,0.247,0.254,0.212,0.286,4.5,4.06,1,0
6,0.33,0.305,0.338,0.329,0.308,0.291,0.315,0.232,0.225,1.5,5.1,0,0
4,0.304,0.284,0.313,0.351,0.313,0.395,0.273,0.1,0.214,3.79,4.29,1,0
7,0.296,0.291,0.298,0.286,0.245,0.267,0.268,0.237,0.298,6.02,4.58,0,0
10,0.221,0.318,0.329,0.299,0.322,0.344,0.292,0.234,0.246,4.7,5.92,1,0
12,0.274,0.272,0.25,0.214,0.302,0.267,0.529,0.325,0.324,3.12,4.17,0,0
6,0.297,0.245,0.298,0.288,0.292,0.269,0.29,0.247,0.27,5.16,5.12,1,0
5,0.325,0.335,0.345,0.242,0.293,0.349,0.256,0.308,0.244,4.55,4.3,0,0
4,0.313,0.337,0.279,0.218,0.223,0.13,0.235,0.188,0.276,1.73,4.75,1,1
5,0.309,0.326,0.294,0.339,0.376,0.239,0.28,0.156,0.264,0.46,4.12,0,0
7,0.287,0.317,0.33,0.3,0.366,0.22,0.288,0.31,0.33,5.63,4.63,1,0
0,0.285,0.312,0.342,0.311,0.378,0.299,0.286,0.274,0.3,1.82,4.27,0,0
7,0.27,0.368,0.261,0.29,0.405,0.267,0.278,0.281,0.254,1.98,3.41,1,0
11,0.335,0.27,0.274,0.364,0.405,0.288,0.278,0.293,0.274,4.55,5.28,0,0
12,0.246,0.345,0.316,0.273,0.33,0.278,0.268,0.22,0.2,5.32,4.89,1,0
4,0.336,0.26,0.306,0.355,0.376,0.295,0.281,0.4,0.234,5.77,4.1,0,0
9,0.313,0.296,0.226,0.323,0.318,0.348,0.31,0.322,0.223,4.73,5.97,1,0
7,0.277,0.265,0.308,0.323,0.277,0.476,0.215,0.3,0.263,3.96,4.22,0,0
2,0.301,0.295,0.287,0.274,0.243,0.239,0.253,0.248,0.266,3.04,5.07,1,1
6,0.327,0.336,0.339,0.342,0.247,0.286,0.233,0.271,0.256,1.88,4.31,0,0
8,0.295,0.328,0.304,0.328,0.316,0.294,0.25,0.222,0.171,6.53,4.7,1,0
4,0.283,0.352,0.239,0.28,0.299,0.312,0.376,0.194,0.208,2.31,4.26,0,0
4,0.288,0.262,0.407,0.283,0.267,0.246,0.367,0.258,0.5,3.94,3.43,1,0
5,0.357,0.333,0.269,0.272,0.182,0.32,0.41,0.27,0.333,4.25,5.28,0,0
16,0.258,0.339,0.332,0.286,0.279,0.333,0.202,0.273,0.222,7.5,5.08,1,0
0,0.224,0.332,0.302,0.37,0.354,0.154,0.241,0.25,0.162,4.5,4.02,0,0
4,0.294,0.217,0.314,0.323,0.341,0.318,0.221,0.311,0.325,7.36,5.92,1,0
3,0.265,0.259,0.271,0.44,0.257,0.273,0.3,0.143,0.135,2.35,4.19,0,0
2,0.247,0.294,0.261,0.296,0.296,0.262,0.237,0.241,0.25,5.38,5.01,1,0
6,0.319,0.333,0.256,0.333,0.281,0.277,0.309,0.237,0.344,5.04,4.32,0,0
6,0.316,0.333,0.284,0.277,0.218,0.223,0.326,0.324,0.275,1.67,5.24,1,0
5,0.266,0.286,0.338,0.25,0.267,0.24,0.289,0.194,0.2,2.99,4.03,0,0
0,0.33,0.301,0.368,0.34,0.218,0.219,0.444,0.143,0.146,3.9,4.11,1,0
4,0.317,0.309,0.326,0.291,0.333,0.29,0.318,0.305,0.223,6.1,5.06,0,0
3,0.269,0.271,0.381,0.323,0.339,0.264,0.286,0.286,0.278,3.86,4.31,1,0
1,0.247,0.296,0.295,0.298,0.25,0.267,0.214,0.236,0.263,2.6,3.38,0,0
5,0.297,0.276,0.316,0.343,0.321,0.381,0.267,0.279,0.229,4.2,5.91,1,0
8,0.267,0.254,0.302,0.467,0.27,0.215,0.272,0.28,0.274,3.26,4.76,0,0
5,0.302,0.335,0.296,0.34,0.313,0.299,0.223,0.289,0.36,4.3,5.01,1,1
7,0.265,0.298,0.317,0.336,0.285,0.258,0.319,0.279,0.342,4.11,4.31,0,0
4,0.314,0.323,0.341,0.246,0.329,0.283,0.314,0.271,0.22,7.3,5.22,1,1
1,0.284,0.28,0.348,0.26,0.2,0.396,0.273,0.263,0.265,5.8,3.98,0,0
7,0.343,0.336,0.303,0.368,0.296,0.303,0.176,0.364,0.214,5.71,4.11,1,0
6,0.288,0.288,0.329,0.317,0.294,0.222,0.339,0.233,0.314,4.02,5.07,0,1
3,0.287,0.348,0.337,0.269,0.318,0.291,0.279,0.259,0.29,3.8,4.29,1,1
4,0.253,0.297,0.26,0.261,0.236,0.301,0.29,0.232,0.244,3.46,3.36,0,0
10,0.345,0.301,0.276,0.319,0.283,0.235,0.311,0.289,0.216,5.22,5.99,1,0
2,0.271,0.301,0.275,0.267,0.412,0.256,0.281,0.281,0.212,4.6,4.71,0,0
4,0.337,0.31,0.297,0.171,0.343,0.305,0.29,0.36,0.22,1.74,5.0,1,0
8,0.301,0.273,0.316,0.269,0.284,0.231,0.336,0.342,0.214,3.8,4.37,0,1
5,0.322,0.321,0.229,0.216,0.284,0.111,0.143,0.316,0.318,9.34,5.22,1,1
0,0.188,0.268,0.275,0.342,0.27,0.258,0.257,0.143,0.257,0.35,3.91,0,0
7,0.345,0.369,0.293,0.335,0.303,0.297,0.259,0.188,0.183,3.24,4.11,1,0
4,0.313,0.309,0.323,0.337,0.287,0.315,0.304,0.29,0.263,5.35,5.01,0,0
19,0.429,0.283,0.309,0.3,0.278,0.278,0.266,0.338,0.269,4.62,4.54,1,0
1,0.253,0.26,0.262,0.23,0.295,0.207,0.259,0.299,0.253,2.8,3.32,0,0
4,0.281,0.311,0.305,0.382,0.351,0.272,0.245,0.211,0.0,5.31,5.96,1,0
7,0.27,0.319,0.385,0.275,0.0,0.285,0.302,0.25,0.214,2.53,4.75,0,0
6,0.366,0.305,0.34,0.341,0.31,0.305,0.2,0.302,0.284,4.66,5.01,1,0
2,0.347,0.339,0.268,0.258,0.335,0.28,0.295,0.313,0.229,1.93,4.32,0,1
8,0.269,0.302,0.261,0.299,0.258,0.292,0.252,0.229,0.237,6.39,4.8,1,0
11,0.282,0.304,0.358,0.28,0.308,0.315,0.387,0.24,0.205,3.41,4.64,0,0
7,0.269,0.37,0.293,0.296,0.351,0.333,0.335,0.261,0.219,9.31,4.36,1,0
10,0.311,0.301,0.283,0.335,0.346,0.304,0.221,0.362,0.307,2.19,5.08,0,0
4,0.301,0.284,0.317,0.372,0.284,0.282,0.216,0.267,0.246,4.67,5.21,1,0
0,0.392,0.273,0.269,0.338,0.251,0.288,0.275,0.215,0.266,4.14,5.86,0,0
7,0.308,0.287,0.325,0.262,0.302,0.299,0.328,0.319,0.287,2.09,3.39,1,0
4,0.36,0.277,0.316,0.265,0.27,0.292,0.333,0.303,0.281,4.09,4.11,0,0
5,0.332,0.343,0.268,0.294,0.276,0.315,0.232,0.275,0.312,6.66,3.93,1,0
14,0.281,0.24,0.321,0.326,0.223,0.321,0.27,0.23,0.32,3.45,5.15,0,1
6,0.259,0.298,0.292,0.245,0.238,0.293,0.241,0.227,0.233,5.68,4.83,1,0
3,0.312,0.382,0.241,0.303,0.283,0.31,0.21,0.28,0.354,4.73,4.62,0,0
3,0.298,0.363,0.295,0.257,0.35,0.2,0.185,0.336,0.294,2.43,4.34,1,0
6,0.332,0.313,0.172,0.344,0.316,0.291,0.297,0.217,0.362,3.24,5.08,0,0
5,0.287,0.304,0.289,0.262,0.315,0.34,0.217,0.282,0.13,4.74,5.21,1,0
7,0.29,0.272,0.273,0.264,0.257,0.194,0.25,0.325,0.253,4.63,5.81,0,0
1,0.307,0.28,0.331,0.318,0.225,0.297,0.288,0.257,0.32,3.38,3.35,1,0
5,0.28,0.333,0.275,0.345,0.272,0.317,0.271,0.238,0.284,2.61,4.13,0,0
8,0.318,0.262,0.346,0.267,0.331,0.299,0.285,0.233,0.271,4.66,4.0,1,0
4,0.327,0.284,0.318,0.233,0.327,0.225,0.356,0.33,0.8,5.38,5.14,0,1
4,0.269,0.296,0.306,0.292,0.241,0.0,0.261,0.259,0.241,3.46,4.83,1,0
3,0.305,0.278,0.368,0.311,0.31,0.23,0.301,0.183,0.222,3.76,4.59,0,0
5,0.337,0.364,0.298,0.227,0.301,0.273,0.179,0.367,0.211,3.86,4.35,1,0
7,0.318,0.299,0.278,0.181,0.2,0.369,0.313,0.348,0.33,6.36,5.11,0,1
6,0.283,0.333,0.224,0.218,0.281,0.305,0.283,0.291,0.318,1.87,5.2,1,0
2,0.285,0.272,0.375,0.321,0.258,0.269,0.249,0.203,0.395,10.57,5.75,0,0
6,0.306,0.28,0.333,0.322,0.239,0.315,0.228,0.284,0.292,2.84,3.39,1,0
12,0.34,0.287,0.278,0.269,0.315,0.275,0.297,0.333,0.283,4.52,4.25,0,0
8,0.308,0.347,0.324,0.309,0.317,0.271,0.294,0.0,0.231,3.21,4.04,1,0
9,0.348,0.234,0.264,0.287,0.333,0.33,0.328,0.235,0.27,4.24,5.19,0,0
14,0.282,0.287,0.231,0.272,0.315,0.263,0.264,0.264,0.278,5.29,4.93,1,0
15,0.367,0.254,0.281,0.322,0.308,0.319,0.299,0.282,0.205,8.31,5.35,0,0
8,0.188,0.296,0.294,0.329,0.346,0.321,0.362,0.313,0.219,3.7,3.46,1,1
9,0.325,0.273,0.31,0.276,0.338,0.18,0.301,0.281,0.3,4.37,4.42,0,0
2,0.252,0.267,0.288,0.322,0.347,0.309,0.27,0.321,0.225,8.03,5.07,1,0
1,0.371,0.333,0.302,0.255,0.29,0.221,0.174,0.0,0.163,1.62,5.12,0,0
5,0.277,0.331,0.296,0.228,0.326,0.234,0.298,0.25,0.311,5.4,4.05,1,0
11,0.273,0.327,0.333,0.243,0.275,0.236,0.283,0.336,0.322,7.11,4.36,0,0
1,0.282,0.304,0.257,0.309,0.238,0.277,0.278,0.15,0.288,3.47,4.54,1,0
2,0.259,0.261,0.315,0.232,0.285,0.227,0.247,0.26,0.299,4.98,5.69,0,0
1,0.235,0.271,0.391,0.281,0.315,0.25,0.257,0.223,0.259,2.36,4.87,1,0
9,0.283,0.321,0.264,0.303,0.325,0.338,0.355,0.259,0.18,9.12,5.41,0,0
4,0.332,0.189,0.312,0.324,0.342,0.294,0.362,0.28,0.188,3.0,3.48,1,0
3,0.321,0.323,0.336,0.277,0.276,0.311,0.282,0.296,0.25,2.91,4.4,0,1
8,0.32,0.308,0.271,0.288,0.4,0.321,0.234,0.348,0.267,6.52,5.12,1,0
2,0.356,0.235,0.362,0.302,0.292,0.331,0.125,0.2,0.171,4.22,5.07,0,0
14,0.332,0.332,0.239,0.229,0.283,0.254,0.316,0.285,0.339,2.3,4.21,1,0
4,0.236,0.328,0.243,0.143,0.327,0.284,0.179,0.278,0.349,3.27,4.35,0,0
10,0.243,0.313,0.296,0.278,0.252,0.219,0.278,0.31,0.318,5.27,4.62,1,0
14,0.263,0.229,0.3,0.302,0.318,0.23,0.264,0.243,0.235,5.56,5.82,0,1
5,0.287,0.213,0.19,0.276,0.302,0.231,0.254,0.278,0.265,6.13,4.85,1,0
13,0.282,0.332,0.357,0.197,0.288,0.319,0.276,0.346,0.259,7.62,5.53,0,0
8,0.306,0.364,0.34,0.294,0.293,0.336,0.273,0.227,0.321,2.8,3.55,1,0
16,0.328,0.28,0.202,0.311,0.33,0.321,0.344,0.289,0.278,9.0,4.57,0,0
14,0.322,0.355,0.291,0.324,0.225,0.261,0.272,0.268,0.308,5.63,5.27,1,0
3,0.332,0.353,0.301,0.25,0.369,0.0,0.293,0.273,0.19,4.5,5.04,0,0
13,0.228,0.298,0.341,0.335,0.313,0.33,0.287,0.24,0.254,5.03,4.31,1,0
11,0.335,0.241,0.333,0.286,0.328,0.236,0.274,0.347,0.357,4.55,4.42,0,0
7,0.278,0.2,0.316,0.311,0.291,0.258,0.239,0.215,0.333,3.71,4.63,1,0
5,0.305,0.32,0.237,0.23,0.293,0.24,0.252,0.263,0.241,3.97,5.81,0,1
2,0.283,0.28,0.273,0.16,0.288,0.293,0.25,0.252,0.26,2.03,5.21,1,0
10,0.269,0.295,0.32,0.331,0.366,0.36,0.302,0.174,0.231,5.24,5.59,0,0
7,0.262,0.23,0.319,0.272,0.292,0.237,0.257,0.255,0.303,3.07,4.35,1,0
1,0.339,0.328,0.357,0.556,0.283,0.328,0.27,0.272,0.235,4.2,4.56,0,0
5,0.332,0.288,0.324,0.321,0.281,0.206,0.311,0.312,0.316,4.69,5.79,1,0
3,0.281,0.312,0.29,0.253,0.239,0.328,0.28,0.274,0.213,3.31,3.54,0,0
6,0.305,0.285,0.311,0.329,0.091,0.348,0.332,0.266,0.289,5.53,5.07,1,1
5,0.321,0.327,0.353,0.267,0.291,0.307,0.328,0.269,0.23,6.1,4.85,0,1
4,0.172,0.292,0.265,0.269,0.211,0.233,0.277,0.281,0.248,3.98,5.19,1,0
10,0.357,0.36,0.298,0.311,0.268,0.345,0.176,0.305,0.188,2.39,5.64,0,0
1,0.262,0.317,0.302,0.276,0.291,0.225,0.228,0.258,0.234,2.99,4.3,1,0
2,0.353,0.278,0.333,0.077,0.324,0.328,0.345,0.354,0.212,3.51,4.51,0,0
20,0.276,0.291,0.207,0.309,0.325,0.227,0.341,0.34,0.373,3.47,4.67,1,0
8,0.327,0.346,0.281,0.263,0.235,0.307,0.24,0.335,0.318,2.86,4.59,0,0
3,0.311,0.335,0.285,0.286,0.288,0.311,0.212,0.308,0.308,9.32,5.75,1,0
10,0.277,0.293,0.276,0.307,0.308,0.245,0.343,0.276,0.215,3.16,3.59,0,0
5,0.288,0.338,0.326,0.351,0.25,0.301,0.329,0.307,0.263,4.5,5.06,1,1
6,0.304,0.271,0.321,0.353,0.287,0.111,0.233,0.324,0.321,5.0,4.87,0,0
10,0.268,0.291,0.274,0.288,0.188,0.186,0.248,0.256,0.25,10.8,5.25,1,0
3,0.331,0.303,0.354,0.31,0.356,0.298,0.313,0.18,0.236,6.84,5.61,0,0
13,0.294,0.216,0.311,0.316,0.254,0.272,0.263,0.237,0.224,6.95,4.44,1,0
6,0.232,0.358,0.361,0.319,0.417,0.063,0.338,0.226,0.118,3.44,4.53,0,0
11,0.341,0.224,0.335,0.378,0.339,0.3,0.306,0.269,0.2,4.82,4.77,1,0
5,0.338,0.309,0.235,0.341,0.24,0.28,0.25,0.33,0.318,3.75,4.58,0,0
1,0.31,0.308,0.338,0.291,0.28,0.284,0.313,0.333,0.218,4.88,5.68,1,0
5,0.283,0.312,0.297,0.249,0.246,0.275,0.136,0.276,0.329,3.92,3.62,0,0
13,0.297,0.322,0.348,0.31,0.349,0.262,0.337,0.143,0.302,2.89,5.18,1,0
12,0.272,0.331,0.365,0.293,0.333,0.071,0.248,0.301,0.319,5.82,4.97,0,0
5,0.279,0.276,0.306,0.285,0.302,0.246,0.253,0.128,0.314,2.83,4.98,1,0
3,0.308,0.3,0.347,0.323,0.34,0.291,0.319,0.256,0.111,4.91,5.64,0,0
4,0.362,0.227,0.338,0.227,0.366,0.315,0.272,0.333,0.231,4.43,4.58,1,0
1,0.342,0.305,0.337,0.333,0.303,0.376,0.271,0.222,0.223,4.29,4.39,0,0
4,0.217,0.305,0.276,0.295,0.212,0.264,0.219,0.314,0.111,8.84,5.59,1,0
2,0.167,0.29,0.248,0.273,0.274,0.243,0.281,0.111,0.254,3.57,4.5,0,0
8,0.328,0.314,0.371,0.276,0.297,0.318,0.305,0.263,0.25,3.49,3.69,1,0
3,0.307,0.34,0.279,0.31,0.284,0.309,0.281,0.221,0.301,3.81,5.13,0,0
9,0.234,0.316,0.337,0.251,0.238,0.341,0.325,0.318,0.307,6.86,5.32,1,0
1,0.351,0.189,0.306,0.269,0.149,0.327,0.356,0.299,0.31,3.09,4.71,0,0
8,0.278,0.276,0.313,0.301,0.254,0.3,0.259,0.284,0.214,6.91,5.03,1,1
2,0.286,0.299,0.315,0.352,0.323,0.083,0.306,0.305,0.342,3.86,5.59,0,0
6,0.356,0.228,0.335,0.333,0.361,0.105,0.226,0.273,0.278,3.0,4.6,1,0
1,0.344,0.304,0.289,0.263,0.229,0.333,0.371,0.343,0.221,4.47,4.34,0,0
2,0.213,0.242,0.258,0.248,0.269,0.31,0.29,0.213,0.274,5.46,5.55,1,0
1,0.175,0.286,0.272,0.281,0.275,0.288,0.256,0.214,0.252,4.83,4.45,0,0
2,0.331,0.299,0.3,0.277,0.335,0.167,0.368,0.259,0.259,2.76,3.66,1,0
8,0.309,0.286,0.282,0.343,0.222,0.346,0.311,0.281,0.295,4.3,5.09,0,0
4,0.335,0.315,0.343,0.317,0.284,0.227,0.23,0.325,0.212,5.59,5.3,1,0
8,0.332,0.346,0.357,0.25,0.309,0.277,0.299,0.193,0.17,4.37,4.76,0,0
7,0.284,0.318,0.253,0.292,0.251,0.3,0.279,0.281,0.221,6.39,5.02,1,1
7,0.311,0.25,0.298,0.35,0.31,0.304,0.31,0.349,0.208,4.82,5.56,0,0
9,0.282,0.344,0.277,0.33,0.365,0.091,0.224,0.208,0.351,2.25,4.65,1,0
6,0.302,0.34,0.224,0.305,0.34,0.333,0.257,0.217,0.37,5.75,4.35,0,0
7,0.261,0.289,0.247,0.25,0.268,0.308,0.31,0.208,0.248,4.72,5.54,1,1
6,0.2,0.278,0.256,0.253,0.272,0.277,0.29,0.252,0.242,4.73,4.43,0,0
4,0.33,0.37,0.303,0.252,0.273,0.273,0.299,0.315,0.307,3.11,3.66,1,0
2,0.308,0.318,0.341,0.281,0.317,0.286,0.214,0.278,0.292,1.86,5.04,0,0
2,0.332,0.23,0.323,0.342,0.246,0.279,0.242,0.204,0.323,2.08,5.25,1,0
4,0.311,0.348,0.335,0.355,0.302,0.194,0.276,0.238,0.282,6.16,4.75,0,0
4,0.314,0.309,0.34,0.308,0.302,0.36,0.235,0.281,0.071,2.43,5.49,1,0
1,0.277,0.28,0.245,0.288,0.229,0.274,0.268,0.25,0.245,4.3,4.96,0,0
11,0.352,0.311,0.336,0.319,0.352,0.194,0.31,0.239,0.143,3.04,3.71,1,0
10,0.29,0.33,0.293,0.32,0.336,0.277,0.303,0.219,0.302,4.2,5.28,0,0
1,0.23,0.32,0.284,0.283,0.342,0.327,0.247,0.297,0.255,3.4,4.38,1,0
5,0.287,0.261,0.307,0.203,0.266,0.25,0.244,0.307,0.265,3.56,4.74,0,1
11,0.341,0.335,0.303,0.23,0.301,0.257,0.377,0.34,0.214,6.27,5.62,1,0
4,0.283,0.316,0.28,0.299,0.251,0.278,0.293,0.219,0.146,3.8,4.64,0,1
7,0.353,0.264,0.341,0.372,0.115,0.315,0.278,0.225,0.278,4.97,5.08,1,1
2,0.369,0.306,0.277,0.266,0.33,0.304,0.295,0.254,0.3,2.96,4.32,0,0
4,0.319,0.3,0.361,0.312,0.303,0.238,0.335,0.288,0.245,5.15,5.47,1,0
5,0.196,0.273,0.254,0.231,0.272,0.252,0.289,0.281,0.279,5.92,4.94,0,0
9,0.341,0.314,0.275,0.353,0.357,0.208,0.315,0.276,0.267,4.21,3.76,1,1
9,0.336,0.294,0.225,0.333,0.288,0.297,0.298,0.313,0.372,6.71,5.25,0,0
0,0.326,0.265,0.282,0.34,0.242,0.323,0.262,0.19,0.284,3.22,4.32,1,0
3,0.286,0.197,0.306,0.272,0.306,0.286,0.265,0.214,0.24,4.58,4.71,0,1
13,0.249,0.347,0.339,0.337,0.297,0.302,0.216,0.376,0.314,10.2,5.71,1,0
4,0.282,0.278,0.311,0.257,0.297,0.246,0.282,0.295,0.222,2.92,4.63,0,0
9,0.347,0.317,0.345,0.133,0.336,0.335,0.367,0.283,0.275,3.91,5.14,1,1
3,0.298,0.328,0.363,0.28,0.303,0.313,0.269,0.15,0.248,7.29,4.3,0,0
8,0.315,0.308,0.32,0.301,0.355,0.329,0.24,0.309,0.306,6.07,5.51,1,0
5,0.25,0.272,0.28,0.254,0.252,0.252,0.273,0.189,0.083,4.4,4.93,0,0
6,0.326,0.342,0.32,0.286,0.292,0.247,0.268,0.257,0.301,4.48,4.34,1,0
3,0.28,0.289,0.306,0.276,0.236,0.258,0.252,0.304,0.333,3.05,4.69,0,1
22,0.338,0.345,0.258,0.3,0.356,0.305,0.376,0.28,0.227,6.25,5.93,1,0
1,0.306,0.274,0.308,0.296,0.258,0.303,0.154,0.294,0.249,4.15,4.58,0,0
6,0.297,0.387,0.331,0.287,0.294,0.234,0.313,0.37,0.275,3.09,4.6,1,0
10,0.251,0.357,0.341,0.306,0.34,0.382,0.306,0.281,0.223,3.95,3.85,0,1
9,0.34,0.356,0.355,0.314,0.209,0.315,0.291,0.278,0.27,4.82,4.35,1,1
0,0.338,0.365,0.316,0.279,0.33,0.339,0.227,0.281,0.231,5.12,5.18,0,1
13,0.306,0.32,0.315,0.311,0.319,0.358,0.327,0.333,0.227,4.71,4.8,1,0
8,0.318,0.288,0.256,0.261,0.293,0.286,0.314,0.342,0.316,5.14,4.96,0,0
7,0.271,0.288,0.19,0.284,0.077,0.31,0.305,0.248,0.25,4.14,5.96,1,0
5,0.272,0.265,0.285,0.295,0.285,0.308,0.245,0.333,0.218,3.97,4.35,0,0
5,0.28,0.279,0.272,0.247,0.279,0.067,0.289,0.252,0.247,4.22,5.14,1,0
9,0.36,0.286,0.321,0.267,0.252,0.327,0.298,0.349,0.298,9.0,5.56,0,0
4,0.291,0.33,0.283,0.288,0.4,0.412,0.307,0.236,0.298,3.24,4.57,1,0
10,0.297,0.285,0.351,0.305,0.359,0.38,0.248,0.225,0.238,3.34,3.89,0,1
9,0.359,0.339,0.313,0.36,0.293,0.262,0.268,0.212,0.311,7.43,4.42,1,1
5,0.361,0.349,0.322,0.176,0.33,0.251,0.275,0.333,0.277,2.23,5.18,0,0
9,0.321,0.308,0.361,0.309,0.299,0.304,0.32,0.333,0.333,8.57,4.86,1,0
3,0.311,0.319,0.313,0.266,0.256,0.339,0.292,0.299,0.2,6.04,4.92,0,0
4,0.276,0.254,0.305,0.249,0.288,0.272,0.256,0.307,0.233,4.67,5.93,1,0
7,0.307,0.284,0.276,0.265,0.255,0.284,0.291,0.291,0.2,4.64,4.38,0,0
4,0.405,0.377,0.314,0.246,0.285,0.33,0.246,0.295,0.295,3.96,4.58,1,0
13,0.251,0.31,0.3,0.378,0.351,0.366,0.292,0.222,0.306,2.96,4.0,0,1
2,0.34,0.354,0.306,0.261,0.219,0.314,0.279,0.264,0.367,2.93,4.4,1,1
1,0.346,0.318,0.271,0.331,0.335,0.361,0.247,0.162,0.276,5.81,5.12,0,0
6,0.285,0.293,0.311,0.305,0.276,0.25,0.23,0.3,0.258,7.25,5.97,1,0
5,0.287,0.276,0.292,0.292,0.308,0.267,0.258,0.225,0.286,3.76,4.41,0,0
1,0.281,0.277,0.27,0.274,0.256,0.25,0.213,0.246,0.287,3.97,5.11,1,0
5,0.322,0.36,0.302,0.322,0.208,0.246,0.303,0.288,0.3,4.92,5.57,0,0
7,0.349,0.455,0.325,0.359,0.265,0.25,0.288,0.306,0.185,5.61,4.95,1,0
5,0.315,0.304,0.359,0.343,0.308,0.248,0.321,0.296,0.205,4.13,5.11,0,1
6,0.289,0.3,0.19,0.292,0.258,0.316,0.306,0.333,0.278,3.09,4.6,1,0
15,0.355,0.306,0.308,0.38,0.367,0.335,0.291,0.227,0.314,3.9,4.55,0,1
8,0.25,0.32,0.348,0.295,0.261,0.284,0.233,0.296,0.301,2.95,5.61,1,0
1,0.28,0.269,0.278,0.246,0.274,0.271,0.247,0.248,0.214,4.5,4.81,0,0
4,0.291,0.288,0.1,0.305,0.271,0.288,0.254,0.226,0.284,4.29,5.11,1,0
2,0.338,0.308,0.353,0.286,0.263,0.366,0.302,0.215,0.286,4.09,5.91,0,1
12,0.326,0.363,0.29,0.315,0.352,0.321,0.299,0.254,0.256,5.77,5.05,1,1
7,0.317,0.36,0.318,0.339,0.31,0.247,0.288,0.297,0.364,4.31,5.14,0,0
18,0.299,0.279,0.306,0.313,0.312,0.278,0.192,0.24,0.263,4.76,4.78,1,0
17,0.355,0.257,0.335,0.314,0.312,0.294,0.374,0.321,0.239,4.74,4.7,0,1
3,0.319,0.265,0.278,0.294,0.313,0.229,0.348,0.315,0.253,4.99,5.59,1,0
1,0.28,0.254,0.271,0.278,0.247,0.248,0.282,0.245,0.284,2.79,4.76,0,0
5,0.214,0.339,0.247,0.32,0.34,0.223,0.272,0.325,0.272,3.07,4.01,1,0
12,0.386,0.332,0.288,0.294,0.286,0.28,0.425,0.308,0.275,4.85,4.47,0,0
6,0.289,0.304,0.267,0.288,0.302,0.292,0.26,0.288,0.375,6.12,5.1,1,0
5,0.31,0.354,0.304,0.333,0.369,0.269,0.222,0.255,0.243,6.14,5.9,0,0
13,0.334,0.269,0.325,0.314,0.359,0.352,0.294,0.3,0.269,7.36,5.15,1,1
6,0.32,0.306,0.353,0.348,0.207,0.306,0.324,0.248,0.298,5.56,5.15,0,0
3,0.292,0.311,0.281,0.258,0.306,0.31,0.111,0.275,0.214,3.35,4.75,1,0
5,0.261,0.306,0.226,0.35,0.351,0.37,0.295,0.313,0.316,4.37,4.71,0,0
2,0.309,0.292,0.301,0.283,0.26,0.288,0.291,0.25,0.223,4.73,5.04,1,0
4,0.309,0.335,0.366,0.352,0.303,0.255,0.269,0.218,0.151,4.25,5.87,0,0
1,0.335,0.359,0.337,0.323,0.15,0.2,0.27,0.274,0.246,3.45,4.71,1,0
6,0.228,0.324,0.273,0.35,0.298,0.272,0.281,0.253,0.306,5.02,4.49,0,0
5,0.362,0.312,0.334,0.351,0.248,0.224,0.307,0.264,0.264,4.69,4.71,1,0
6,0.257,0.268,0.305,0.318,0.267,0.303,0.257,0.236,0.286,2.44,5.05,0,0
2,0.294,0.314,0.287,0.267,0.286,0.256,0.25,0.287,0.303,4.15,5.11,1,0
9,0.353,0.323,0.333,0.349,0.294,0.136,0.303,0.275,0.278,5.05,5.91,0,1
3,0.291,0.361,0.258,0.442,0.317,0.246,0.28,0.333,0.314,5.65,5.12,1,0
6,0.311,0.318,0.311,0.352,0.327,0.302,0.316,0.348,0.298,4.48,4.04,0,0
8,0.25,0.279,0.281,0.331,0.247,0.245,0.285,0.272,0.167,3.99,4.79,1,0
20,0.321,0.23,0.369,0.5,0.369,0.318,0.314,0.347,0.277,5.85,5.76,0,0
6,0.333,0.36,0.269,0.354,0.22,0.244,0.314,0.305,0.261,3.84,4.73,1,0
4,0.268,0.304,0.313,0.301,0.252,0.303,0.258,0.238,0.263,5.52,5.03,0,0
8,0.292,0.296,0.289,0.311,0.302,0.271,0.283,0.258,0.22,5.29,5.14,1,0
10,0.331,0.351,0.356,0.317,0.298,0.279,0.308,0.27,0.13,7.08,5.9,0,1
3,0.375,0.333,0.292,0.262,0.296,0.422,0.29,0.278,0.243,5.29,5.11,1,0
2,0.312,0.292,0.356,0.318,0.323,0.24,0.301,0.294,0.0,3.38,4.03,0,0
9,0.355,0.325,0.345,0.228,0.265,0.274,0.335,0.323,0.252,4.82,4.77,1,0
4,0.228,0.3,0.323,0.348,0.269,0.282,0.2,0.279,0.255,4.71,4.48,0,1
0,0.313,0.353,0.278,0.351,0.305,0.286,0.231,0.334,0.218,3.69,4.68,1,0
6,0.305,0.261,0.19,0.305,0.313,0.296,0.28,0.143,0.261,3.91,5.03,0,0
7,0.298,0.295,0.301,0.275,0.263,0.293,0.137,0.283,0.217,4.52,5.17,1,0
2,0.349,0.271,0.297,0.333,0.331,0.314,0.308,0.271,0.25,3.95,5.85,0,1
6,0.267,0.255,0.283,0.304,0.185,0.317,0.125,0.302,0.263,3.44,4.06,1,0
1,0.353,0.287,0.396,0.333,0.286,0.308,0.285,0.245,0.278,4.24,4.63,0,0
4,0.351,0.316,0.283,0.316,0.307,0.313,0.285,0.348,0.311,5.91,4.99,1,0
5,0.345,0.319,0.307,0.281,0.346,0.224,0.334,0.243,0.258,5.7,5.1,0,0
7,0.348,0.254,0.323,0.321,0.384,0.294,0.308,0.231,0.368,5.56,4.52,1,0
4,0.335,0.343,0.366,0.325,0.248,0.329,0.273,0.23,0.0,3.16,4.78,0,0
2,0.282,0.259,0.267,0.336,0.276,0.253,0.244,0.274,0.242,5.92,5.8,1,0
4,0.29,0.283,0.218,0.296,0.321,0.302,0.272,0.264,0.296,2.95,5.74,0,0
1,0.25,0.296,0.283,0.281,0.304,0.327,0.345,0.271,0.225,3.88,5.12,1,0
5,0.353,0.292,0.33,0.352,0.313,0.14,0.303,0.277,0.268,5.71,4.78,0,0
6,0.276,0.253,0.285,0.264,0.303,0.179,0.299,0.315,0.213,4.22,4.08,1,0
12,0.33,0.331,0.285,0.29,0.313,0.392,0.352,0.281,0.268,4.56,4.72,0,0
4,0.321,0.345,0.313,0.311,0.306,0.318,0.304,0.348,0.278,4.67,4.97,1,0
8,0.321,0.343,0.343,0.336,0.306,0.276,0.231,0.282,0.253,5.46,5.13,0,0
7,0.349,0.258,0.318,0.375,0.307,0.288,0.382,0.325,0.228,1.53,4.54,1,1
6,0.342,0.235,0.32,0.331,0.36,0.273,0.273,0.244,0.188,4.88,4.79,0,0
3,0.273,0.247,0.277,0.336,0.268,0.249,0.286,0.24,0.251,4.05,5.76,1,0
11,0.278,0.296,0.327,0.304,0.286,0.3,0.296,0.215,0.266,5.29,5.8,0,0
4,0.309,0.346,0.282,0.28,0.206,0.327,0.251,0.283,0.297,5.33,5.09,1,0
3,0.329,0.352,0.35,0.288,0.309,0.274,0.302,0.333,0.28,2.86,4.75,0,0
1,0.295,0.27,0.288,0.258,0.299,0.209,0.258,0.313,0.236,5.74,4.05,1,0
9,0.342,0.255,0.336,0.29,0.286,0.288,0.286,0.327,0.3,4.92,4.76,0,0
6,0.283,0.308,0.308,0.321,0.341,0.358,0.333,0.311,0.2,2.81,4.98,1,0
4,0.322,0.338,0.341,0.339,0.305,0.269,0.276,0.233,0.255,5.46,5.12,0,0
7,0.353,0.266,0.314,0.374,0.38,0.283,0.225,0.326,0.305,5.46,4.57,1,1
1,0.34,0.23,0.315,0.354,0.274,0.263,0.337,0.206,0.27,3.86,4.75,0,0
9,0.267,0.283,0.338,0.217,0.268,0.289,0.247,0.246,0.286,4.96,5.8,1,0
8,0.294,0.331,0.305,0.283,0.292,0.267,0.221,0.288,0.182,5.72,5.82,0,1
8,0.192,0.308,0.348,0.297,0.284,0.225,0.301,0.327,0.267,5.04,5.13,1,0
4,0.327,0.351,0.288,0.308,0.301,0.285,0.35,0.275,0.278,3.41,4.74,0,0
3,0.283,0.329,0.35,0.348,0.296,0.305,0.27,0.28,0.25,3.13,4.72,1,0
4,0.371,0.324,0.352,0.266,0.316,0.336,0.283,0.375,0.226,4.65,5.11,0,1
3,0.338,0.293,0.282,0.318,0.285,0.375,0.328,0.285,0.259,2.93,5.79,1,0
2,0.255,0.283,0.273,0.238,0.249,0.338,0.249,0.259,0.271,3.94,4.02,0,0
4,0.277,0.32,0.307,0.34,0.308,0.316,0.282,0.412,0.276,6.24,4.57,1,0
7,0.343,0.286,0.31,0.345,0.265,0.353,0.273,0.341,0.293,5.63,5.14,0,0
4,0.308,0.258,0.295,0.3,0.285,0.293,0.259,0.3,0.161,4.94,4.74,1,0
6,0.296,0.35,0.284,0.115,0.311,0.308,0.281,0.256,0.302,4.18,4.77,0,0
5,0.337,0.271,0.321,0.341,0.338,0.278,0.234,0.256,0.307,4.1,5.8,1,0
2,0.29,0.293,0.309,0.322,0.263,0.274,0.218,0.154,0.222,4.53,4.95,0,0
4,0.346,0.304,0.332,0.269,0.349,0.287,0.293,0.25,0.29,1.93,4.72,1,0
2,0.349,0.373,0.319,0.335,0.277,0.378,0.317,0.304,0.353,4.33,5.07,0,1
4,0.313,0.323,0.289,0.265,0.288,0.328,0.325,0.287,0.314,5.08,5.74,1,1
2,0.259,0.255,0.246,0.287,0.338,0.264,0.274,0.246,0.206,5.23,3.98,0,0
9,0.271,0.309,0.303,0.314,0.324,0.344,0.315,0.172,0.333,1.9,4.62,1,0
13,0.354,0.354,0.293,0.263,0.335,0.28,0.343,0.31,0.295,6.15,5.22,0,0
12,0.292,0.268,0.31,0.298,0.303,0.273,0.241,0.306,0.26,3.18,4.83,1,0
8,0.31,0.292,0.292,0.133,0.349,0.257,0.306,0.278,0.3,3.55,4.81,0,1
0,0.338,0.339,0.324,0.271,0.235,0.338,0.304,0.252,0.276,5.65,5.74,1,0
3,0.289,0.161,0.308,0.293,0.263,0.214,0.224,0.279,0.285,3.87,4.93,0,0
7,0.286,0.287,0.337,0.349,0.301,0.352,0.272,0.288,0.265,3.83,4.74,1,0
8,0.35,0.279,0.315,0.379,0.336,0.28,0.376,0.316,0.182,4.19,5.11,0,0
10,0.41,0.318,0.331,0.291,0.303,0.277,0.283,0.339,0.261,9.29,5.8,1,1
9,0.272,0.245,0.274,0.336,0.261,0.276,0.232,0.274,0.268,4.76,4.04,0,0
4,0.27,0.323,0.342,0.314,0.308,0.3,0.306,0.305,0.285,5.24,4.61,1,0
7,0.351,0.291,0.286,0.239,0.34,0.292,0.311,0.208,0.332,5.66,5.22,0,0
2,0.306,0.281,0.309,0.31,0.293,0.238,0.257,0.32,0.288,4.15,4.8,1,0
14,0.29,0.353,0.272,0.292,0.257,0.295,0.31,0.306,0.156,4.12,4.89,0,0
4,0.268,0.34,0.333,0.302,0.319,0.336,0.24,0.252,0.259,4.08,5.7,1,0
4,0.285,0.303,0.291,0.312,0.279,0.267,0.288,0.211,0.226,2.8,4.88,0,0
9,0.293,0.309,0.355,0.295,0.276,0.328,0.288,0.258,0.298,5.91,5.27,1,0
6,0.318,0.336,0.313,0.313,0.291,0.214,0.309,0.267,0.305,3.63,4.8,0,0
2,0.336,0.351,0.279,0.29,0.349,0.288,0.274,0.302,0.154,5.36,5.75,1,0
0,0.268,0.271,0.335,0.274,0.257,0.275,0.274,0.247,0.246,4.96,5.05,0,0
4,0.283,0.302,0.278,0.27,0.29,0.283,0.305,0.278,0.215,2.84,4.02,1,0
10,0.333,0.289,0.309,0.312,0.269,0.287,0.289,0.406,0.331,6.32,5.72,0,1
3,0.282,0.319,0.377,0.338,0.381,0.313,0.276,0.226,0.351,5.37,4.85,1,0
4,0.341,0.317,0.33,0.335,0.253,0.272,0.245,0.227,0.3,3.81,4.74,0,0
10,0.171,0.36,0.346,0.259,0.365,0.296,0.308,0.314,0.284,5.21,4.95,1,1
6,0.311,0.28,0.268,0.301,0.311,0.292,0.379,0.244,0.262,3.2,4.63,0,0
17,0.257,0.333,0.306,0.312,0.29,0.294,0.355,0.299,0.278,8.59,5.41,1,0
1,0.338,0.305,0.301,0.318,0.277,0.314,0.26,0.294,0.368,4.61,4.75,0,0
3,0.334,0.346,0.341,0.297,0.125,0.29,0.299,0.258,0.276,5.97,5.71,1,0
8,0.277,0.236,0.274,0.24,0.335,0.288,0.272,0.262,0.143,5.54,5.07,0,0
0,0.35,0.277,0.315,0.373,0.341,0.223,0.375,0.303,0.273,0.0,4.8,1,0
1,0.333,0.337,0.296,0.332,0.244,0.242,0.27,0.314,0.223,4.5,4.69,0,0
8,0.347,0.368,0.366,0.327,0.28,0.179,0.297,0.241,0.242,5.03,4.97,1,1
2,0.278,0.267,0.279,0.3,0.315,0.293,0.241,0.264,0.26,5.18,4.59,0,0
8,0.317,0.292,0.311,0.336,0.353,0.273,0.289,0.294,0.255,2.71,5.42,1,1
7,0.322,0.339,0.256,0.32,0.307,0.238,0.306,0.275,0.305,5.34,4.78,0,0
7,0.336,0.339,0.301,0.25,0.343,0.287,0.254,0.298,0.273,2.93,5.73,1,0
4,0.271,0.267,0.267,0.334,0.273,0.266,0.238,0.283,0.248,4.44,5.06,0,0
10,0.286,0.299,0.29,0.277,0.265,0.302,0.21,0.5,0.285,3.56,4.06,1,0
6,0.333,0.286,0.261,0.333,0.285,0.319,0.286,0.302,0.328,9.39,5.69,0,1
1,0.349,0.277,0.315,0.369,0.34,0.273,0.22,0.383,0.311,4.25,4.76,1,0
3,0.336,0.336,0.328,0.256,0.242,0.311,0.296,0.267,0.251,3.19,4.67,0,1
8,0.244,0.365,0.3,0.339,0.28,0.255,0.362,0.245,0.347,5.1,5.01,1,1
1,0.26,0.296,0.314,0.282,0.237,0.264,0.182,0.265,0.313,5.86,4.54,0,0
3,0.288,0.295,0.215,0.287,0.262,0.238,0.282,0.287,0.3,2.02,4.52,1,0
1,0.244,0.368,0.357,0.295,0.241,0.279,0.345,0.328,0.254,3.82,5.64,0,1
5,0.271,0.261,0.267,0.33,0.266,0.238,0.248,0.277,0.13,3.25,4.78,1,0
6,0.337,0.357,0.298,0.299,0.278,0.31,0.308,0.273,0.301,4.97,5.73,0,1
11,0.345,0.278,0.309,0.322,0.367,0.339,0.22,0.384,0.278,3.84,5.05,1,0
10,0.235,0.298,0.311,0.188,0.296,0.266,0.277,0.32,0.283,2.45,4.73,0,0
0,0.326,0.333,0.287,0.283,0.31,0.293,0.324,0.278,0.283,3.94,5.0,1,0
6,0.344,0.338,0.286,0.287,0.293,0.273,0.292,0.226,0.302,4.24,4.08,0,0
9,0.342,0.262,0.266,0.256,0.311,0.329,0.293,0.243,0.247,5.88,5.44,1,1
8,0.323,0.253,0.337,0.31,0.314,0.307,0.278,0.25,0.297,3.76,4.76,0,0
5,0.288,0.295,0.287,0.221,0.286,0.263,0.283,0.207,0.221,5.5,4.53,1,0
1,0.294,0.308,0.327,0.362,0.36,0.247,0.276,0.194,0.342,3.84,5.59,0,0
3,0.28,0.268,0.332,0.273,0.167,0.267,0.287,0.236,0.245,4.1,4.76,1,0
7,0.338,0.358,0.297,0.295,0.258,0.31,0.308,0.273,0.287,9.5,5.75,0,1
8,0.342,0.335,0.284,0.319,0.369,0.278,0.218,0.373,0.302,4.45,5.07,1,0
7,0.264,0.188,0.234,0.269,0.361,0.316,0.295,0.272,0.205,4.17,4.74,0,0
4,0.335,0.286,0.388,0.318,0.288,0.317,0.28,0.255,0.284,3.86,4.99,1,0
3,0.337,0.264,0.34,0.289,0.298,0.294,0.269,0.278,0.272,5.07,4.07,0,0
3,0.337,0.267,0.341,0.325,0.314,0.27,0.239,0.151,0.244,5.45,5.42,1,1
6,0.316,0.309,0.3,0.328,0.241,0.339,0.279,0.222,0.296,2.88,4.76,0,0
0,0.236,0.286,0.292,0.26,0.296,0.286,0.284,0.281,0.217,3.02,4.48,1,1
7,0.368,0.292,0.241,0.362,0.257,0.274,0.337,0.255,0.343,6.8,5.6,0,0
3,0.262,0.291,0.33,0.25,0.276,0.268,0.271,0.235,0.266,3.57,4.74,1,0
5,0.291,0.292,0.311,0.338,0.36,0.288,0.317,0.304,0.256,5.12,5.69,0,1
9,0.343,0.29,0.38,0.334,0.277,0.368,0.311,0.298,0.215,5.44,5.12,1,0
1,0.306,0.312,0.289,0.282,0.206,0.191,0.231,0.266,0.342,3.54,4.69,0,0
4,0.343,0.289,0.309,0.279,0.292,0.386,0.333,0.284,0.25,4.87,4.99,1,0
3,0.339,0.289,0.297,0.334,0.269,0.255,0.31,0.273,0.296,4.73,4.06,0,0
3,0.295,0.319,0.313,0.317,0.333,0.362,0.251,0.273,0.286,4.34,4.66,1,1
3,0.337,0.382,0.292,0.332,0.28,0.22,0.307,0.368,0.188,4.53,4.71,0,1
4,0.33,0.253,0.315,0.278,0.293,0.312,0.336,0.303,0.3,2.95,4.06,1,0
3,0.282,0.343,0.333,0.286,0.302,0.28,0.277,0.269,0.315,5.75,5.39,0,0
8,0.271,0.192,0.284,0.266,0.306,0.312,0.229,0.265,0.325,5.79,4.8,1,0
7,0.337,0.275,0.343,0.331,0.313,0.27,0.243,0.24,0.164,5.31,5.14,0,0
4,0.271,0.234,0.282,0.327,0.148,0.285,0.263,0.27,0.269,5.31,4.46,1,0
5,0.269,0.241,0.366,0.371,0.288,0.252,0.29,0.337,0.253,5.77,5.68,0,0
2,0.33,0.333,0.338,0.285,0.299,0.307,0.303,0.214,0.249,4.15,5.57,1,0
9,0.275,0.285,0.296,0.291,0.289,0.263,0.298,0.214,0.278,6.0,5.03,0,0
1,0.309,0.285,0.287,0.294,0.337,0.361,0.315,0.252,0.287,3.12,4.62,1,1
2,0.314,0.377,0.295,0.364,0.331,0.297,0.304,0.282,0.213,4.93,4.68,0,0
2,0.327,0.253,0.334,0.269,0.312,0.315,0.294,0.303,0.216,3.56,4.04,1,0
12,0.35,0.295,0.273,0.313,0.303,0.297,0.254,0.318,0.364,3.6,5.46,0,0
4,0.264,0.193,0.265,0.341,0.162,0.303,0.266,0.202,0.31,4.5,4.8,1,0
1,0.336,0.237,0.294,0.275,0.339,0.331,0.313,0.218,0.244,4.76,5.1,0,0
4,0.264,0.282,0.281,0.329,0.27,0.279,0.236,0.269,0.24,5.43,4.44,1,0
3,0.246,0.372,0.287,0.252,0.27,0.24,0.25,0.362,0.282,2.93,5.65,0,0
14,0.344,0.293,0.329,0.333,0.0,0.307,0.299,0.274,0.26,5.06,5.66,1,0
1,0.281,0.295,0.292,0.274,0.285,0.288,0.26,0.429,0.296,4.05,4.99,0,0
6,0.312,0.291,0.339,0.294,0.248,0.361,0.281,0.288,0.295,2.91,4.64,1,0
4,0.332,0.291,0.312,0.328,0.304,0.287,0.362,0.2,0.378,3.29,4.67,0,0
3,0.329,0.253,0.311,0.317,0.333,0.26,0.271,0.278,0.288,4.15,4.03,1,0
9,0.351,0.287,0.267,0.289,0.306,0.312,0.256,0.357,0.294,8.65,5.49,0,0
2,0.199,0.283,0.203,0.263,0.31,0.301,0.28,0.326,0.154,4.14,4.77,1,0
3,0.27,0.337,0.277,0.333,0.291,0.241,0.332,0.311,0.264,3.68,5.07,0,0
3,0.265,0.288,0.331,0.241,0.27,0.278,0.245,0.0,0.143,2.25,4.43,1,0
8,0.358,0.37,0.293,0.332,0.256,0.27,0.34,0.251,0.15,5.07,5.67,0,0
9,0.334,0.25,0.303,0.349,0.336,0.313,0.308,0.293,0.2,4.12,5.7,1,0
4,0.282,0.297,0.291,0.259,0.5,0.214,0.293,0.292,0.279,3.83,4.95,0,0
7,0.359,0.377,0.246,0.296,0.257,0.271,0.344,0.306,0.176,5.98,5.51,1,0
6,0.328,0.262,0.32,0.294,0.311,0.337,0.256,0.264,0.295,5.4,4.44,0,0
7,0.313,0.334,0.287,0.366,0.33,0.307,0.282,0.163,0.208,9.55,5.69,1,0
15,0.273,0.334,0.294,0.273,0.271,0.282,0.274,0.233,0.194,5.54,4.74,0,0
2,0.301,0.349,0.316,0.285,0.294,0.305,0.25,0.296,0.282,3.75,4.75,1,0
0,0.265,0.33,0.333,0.332,0.288,0.307,0.238,0.272,0.236,4.61,3.99,0,0
5,0.309,0.281,0.301,0.296,0.287,0.288,0.257,0.282,0.219,4.07,4.67,1,0
12,0.313,0.311,0.298,0.283,0.259,0.341,0.363,0.311,0.317,4.08,5.75,0,0
3,0.333,0.313,0.167,0.279,0.273,0.336,0.303,0.2,0.317,4.49,5.06,1,0
0,0.264,0.306,0.297,0.28,0.196,0.284,0.298,0.261,0.171,3.53,4.9,0,0
2,0.353,0.246,0.378,0.296,0.254,0.303,0.268,0.34,0.255,4.79,5.47,1,0
6,0.327,0.262,0.307,0.325,0.336,0.293,0.288,0.268,0.059,3.14,4.46,0,0
5,0.353,0.307,0.284,0.308,0.261,0.29,0.286,0.283,0.249,2.89,4.74,1,1
4,0.333,0.331,0.271,0.275,0.303,0.294,0.332,0.245,0.235,4.57,3.98,0,0
2,0.667,0.277,0.298,0.284,0.25,0.284,0.231,0.294,0.254,3.47,4.64,1,0
5,0.311,0.342,0.358,0.309,0.305,0.303,0.316,0.284,0.26,12.0,5.74,0,0
5,0.295,0.331,0.306,0.312,0.311,0.333,0.345,0.2,0.27,5.3,5.05,1,1
4,0.271,0.299,0.306,0.197,0.288,0.258,0.196,0.265,0.296,5.02,4.89,0,0
10,0.352,0.379,0.247,0.295,0.306,0.333,0.342,0.258,0.272,6.59,5.53,1,0
2,0.303,0.282,0.143,0.322,0.289,0.333,0.257,0.333,0.29,5.2,4.43,0,0
9,0.325,0.333,0.32,0.36,0.287,0.366,0.307,0.283,0.206,6.1,5.73,1,0
3,0.277,0.304,0.269,0.333,0.274,0.274,0.234,0.176,0.283,3.58,4.73,0,0
9,0.354,0.298,0.292,0.384,0.308,0.302,0.283,0.3,0.297,6.1,4.79,1,1
6,0.332,0.332,0.33,0.29,0.267,0.282,0.217,0.241,0.269,3.06,3.99,0,0
4,0.529,0.283,0.296,0.25,0.287,0.298,0.255,0.236,0.281,4.57,4.63,1,0
14,0.305,0.358,0.224,0.314,0.347,0.309,0.318,0.264,0.282,8.38,5.82,0,1
11,0.338,0.344,0.211,0.298,0.311,0.327,0.275,0.327,0.303,5.48,5.12,1,1
3,0.283,0.298,0.302,0.203,0.28,0.212,0.261,0.296,0.191,6.61,4.88,0,0
7,0.254,0.231,0.308,0.28,0.339,0.289,0.284,0.12,0.304,3.33,4.74,1,0
3,0.33,0.356,0.322,0.362,0.324,0.31,0.282,0.296,0.208,3.67,5.5,0,0
4,0.313,0.243,0.316,0.354,0.276,0.284,0.309,0.368,0.296,4.87,4.61,1,1
11,0.299,0.354,0.31,0.228,0.319,0.321,0.303,0.358,0.262,4.11,4.04,0,1
5,0.301,0.332,0.273,0.282,0.236,0.274,0.242,0.285,0.238,4.86,5.12,1,0
6,0.267,0.303,0.298,0.293,0.287,0.265,0.178,0.209,0.254,5.23,5.72,0,0
3,0.351,0.374,0.291,0.272,0.341,0.251,0.34,0.24,0.244,4.78,5.79,1,0
4,0.455,0.297,0.282,0.287,0.364,0.282,0.299,0.252,0.256,5.33,4.41,0,0
10,0.284,0.332,0.248,0.332,0.336,0.265,0.218,0.229,0.264,4.5,4.92,1,0
8,0.167,0.299,0.324,0.309,0.345,0.358,0.277,0.341,0.272,8.25,4.82,0,1
1,0.254,0.3,0.304,0.318,0.339,0.285,0.256,0.143,0.275,4.15,4.71,1,0
7,0.331,0.296,0.324,0.363,0.321,0.34,0.31,0.279,0.189,8.71,5.52,0,0
1,0.31,0.29,0.25,0.285,0.288,0.303,0.245,0.273,0.352,3.13,4.58,1,0
2,0.315,0.291,0.357,0.297,0.354,0.313,0.318,0.229,0.264,3.89,4.01,0,1
4,0.237,0.299,0.331,0.276,0.248,0.234,0.279,0.386,0.267,3.52,5.1,1,0
3,0.285,0.292,0.219,0.286,0.294,0.304,0.283,0.265,0.188,2.95,5.69,0,0
3,0.271,0.371,0.294,0.325,0.35,0.22,0.249,0.338,0.243,4.08,5.75,1,0
9,0.286,0.235,0.462,0.299,0.302,0.284,0.28,0.247,0.287,2.48,4.45,0,0
5,0.33,0.337,0.286,0.333,0.29,0.299,0.262,0.221,0.245,3.83,4.92,1,0
4,0.337,0.341,0.301,0.241,0.31,0.328,0.26,0.303,0.194,3.99,4.81,0,0
3,0.353,0.35,0.281,0.287,0.293,0.301,0.315,0.286,0.247,4.18,4.56,1,0
10,0.301,0.314,0.282,0.263,0.314,0.349,0.317,0.296,0.359,5.2,4.07,0,1
6,0.25,0.33,0.278,0.23,0.257,0.272,0.28,0.207,0.296,4.61,5.12,1,0
3,0.289,0.224,0.291,0.288,0.252,0.34,0.307,0.263,0.188,4.93,5.67,0,0
4,0.376,0.29,0.306,0.341,0.154,0.35,0.268,0.313,0.244,4.17,5.74,1,0
1,0.285,0.433,0.296,0.305,0.285,0.253,0.286,0.306,0.289,4.98,4.42,0,0
6,0.288,0.332,0.288,0.329,0.265,0.239,0.263,0.216,0.335,3.61,4.92,1,0
4,0.335,0.326,0.212,0.31,0.279,0.338,0.298,0.301,0.328,3.9,4.8,0,0
8,0.311,0.354,0.316,0.316,0.296,0.229,0.262,0.302,0.359,5.98,5.55,1,1
1,0.26,0.3,0.317,0.338,0.272,0.27,0.293,0.287,0.281,3.36,4.52,0,0
5,0.328,0.339,0.285,0.296,0.332,0.301,0.266,0.241,0.241,6.86,5.67,1,1
4,0.278,0.259,0.305,0.326,0.278,0.286,0.258,0.273,0.283,2.89,4.8,0,0
8,0.457,0.298,0.281,0.285,0.31,0.284,0.253,0.233,0.242,4.69,4.11,1,0
10,0.289,0.283,0.355,0.308,0.287,0.313,0.285,0.243,0.292,11.7,5.78,0,0
4,0.284,0.22,0.271,0.289,0.307,0.294,0.285,0.249,0.283,4.19,4.42,1,0
0,0.371,0.323,0.354,0.29,0.302,0.269,0.306,0.338,0.257,4.94,5.07,0,0
3,0.329,0.322,0.302,0.32,0.312,0.278,0.38,0.363,0.2,4.92,4.9,1,0
5,0.338,0.342,0.321,0.243,0.308,0.312,0.298,0.301,0.275,3.27,4.71,0,0
6,0.31,0.356,0.315,0.318,0.226,0.143,0.359,0.292,0.263,3.77,5.55,1,1
12,0.271,0.329,0.345,0.318,0.302,0.291,0.301,0.255,0.266,4.85,4.6,0,0
7,0.332,0.33,0.34,0.295,0.266,0.301,0.285,0.242,0.25,6.36,5.68,1,1
6,0.284,0.302,0.281,0.326,0.233,0.275,0.259,0.279,0.383,6.05,4.81,0,0
7,0.4,0.286,0.253,0.283,0.3,0.31,0.285,0.272,0.237,3.19,4.15,1,0
4,0.306,0.31,0.28,0.286,0.288,0.296,0.358,0.278,0.286,6.17,5.77,0,0
5,0.288,0.287,0.306,0.22,0.211,0.289,0.283,0.268,0.176,5.46,4.43,1,0
10,0.268,0.308,0.259,0.317,0.357,0.29,0.245,0.374,0.241,5.66,5.08,0,0
10,0.325,0.306,0.311,0.278,0.322,0.32,0.364,0.206,0.293,4.5,4.94,1,0
1,0.338,0.244,0.339,0.254,0.309,0.309,0.297,0.302,0.272,3.49,4.67,0,0
3,0.237,0.356,0.371,0.29,0.256,0.308,0.272,0.335,0.254,5.68,4.79,1,0
2,0.325,0.342,0.291,0.332,0.298,0.266,0.244,0.148,0.252,5.03,4.4,0,1
4,0.341,0.299,0.299,0.308,0.339,0.25,0.317,0.265,0.27,4.91,4.59,1,0
7,0.305,0.357,0.314,0.294,0.309,0.358,0.297,0.323,0.261,5.02,4.96,0,0
1,0.359,0.277,0.203,0.282,0.337,0.333,0.287,0.245,0.296,4.57,5.04,1,0
2,0.282,0.289,0.221,0.283,0.265,0.333,0.265,0.273,0.185,4.12,4.13,0,0
9,0.272,0.299,0.326,0.287,0.278,0.279,0.23,0.283,0.26,4.44,4.72,1,0
8,0.387,0.326,0.306,0.322,0.365,0.273,0.315,0.204,0.344,7.69,5.7,0,0
3,0.376,0.288,0.355,0.307,0.308,0.272,0.346,0.312,0.234,3.88,4.77,1,0
5,0.322,0.242,0.182,0.287,0.252,0.266,0.34,0.334,0.295,2.52,4.4,0,0
6,0.34,0.298,0.32,0.301,0.266,0.179,0.337,0.234,0.309,3.26,4.61,1,0
3,0.308,0.304,0.352,0.281,0.279,0.326,0.297,0.258,0.359,3.87,4.94,0,0
6,0.309,0.279,0.283,0.285,0.3,0.313,0.282,0.241,0.36,3.49,5.04,1,0
2,0.281,0.27,0.308,0.285,0.28,0.316,0.193,0.307,0.263,3.85,4.11,0,0
8,0.269,0.323,0.307,0.329,0.348,0.268,0.286,0.184,0.298,5.13,5.79,1,0
3,0.28,0.3,0.309,0.253,0.284,0.395,0.289,0.269,0.294,3.62,5.53,0,0
1,0.235,0.338,0.301,0.305,0.337,0.299,0.324,0.261,0.269,5.38,5.48,1,0
6,0.266,0.33,0.267,0.302,0.167,0.226,0.304,0.326,0.292,3.8,4.94,0,0
8,0.287,0.262,0.28,0.22,0.267,0.328,0.412,0.211,0.217,5.2,5.72,1,0
3,0.271,0.292,0.257,0.276,0.219,0.327,0.256,0.284,0.276,4.49,5.02,0,0
11,0.347,0.325,0.366,0.323,0.212,0.385,0.205,0.271,0.316,5.5,4.18,1,0
10,0.36,0.306,0.289,0.289,0.308,0.323,0.251,0.277,0.3,6.17,4.76,0,0
13,0.282,0.237,0.404,0.304,0.286,0.253,0.288,0.31,0.266,4.38,4.85,1,0
7,0.343,0.297,0.321,0.27,0.333,0.252,0.248,0.27,0.191,4.22,5.8,0,0
3,0.313,0.293,0.296,0.306,0.298,0.355,0.361,0.255,0.279,3.2,4.39,1,0
0,0.357,0.307,0.255,0.275,0.308,0.372,0.285,0.347,0.249,3.94,4.57,0,0
9,0.336,0.341,0.297,0.3,0.208,0.327,0.306,0.208,0.295,6.13,5.48,1,0
1,0.266,0.329,0.328,0.273,0.143,0.243,0.301,0.298,0.287,4.71,4.91,0,1
3,0.284,0.333,0.265,0.288,0.246,0.205,0.225,0.313,0.21,4.91,5.69,1,0
11,0.284,0.277,0.33,0.281,0.262,0.259,0.291,0.231,0.111,5.25,5.08,0,0
7,0.281,0.404,0.308,0.311,0.288,0.29,0.255,0.25,0.241,3.11,4.87,1,0
9,0.323,0.287,0.246,0.335,0.267,0.342,0.294,0.294,0.249,12.71,5.82,0,0
2,0.288,0.297,0.36,0.313,0.227,0.355,0.294,0.323,0.254,4.55,4.35,1,0
1,0.368,0.281,0.306,0.255,0.274,0.243,0.242,0.358,0.14,3.19,4.53,0,0
4,0.307,0.324,0.322,0.366,0.316,0.326,0.224,0.389,0.207,5.46,4.35,1,0
2,0.352,0.271,0.37,0.281,0.255,0.299,0.303,0.344,0.133,3.38,4.73,0,0
8,0.321,0.342,0.29,0.337,0.287,0.266,0.267,0.254,0.249,4.99,4.55,1,0
6,0.301,0.356,0.298,0.355,0.323,0.229,0.311,0.28,0.291,5.71,4.88,0,0
2,0.298,0.277,0.284,0.251,0.36,0.205,0.28,0.306,0.296,2.87,5.65,1,0
1,0.274,0.283,0.29,0.329,0.276,0.377,0.227,0.255,0.284,3.12,4.14,0,0
4,0.325,0.307,0.324,0.367,0.27,0.212,0.388,0.337,0.32,4.95,4.35,1,0
3,0.368,0.283,0.3,0.343,0.235,0.352,0.272,0.304,0.244,3.29,4.72,0,0
4,0.317,0.339,0.289,0.338,0.289,0.245,0.267,0.255,0.295,4.68,4.54,1,0
2,0.3,0.302,0.31,0.287,0.319,0.356,0.278,0.227,0.25,4.85,4.85,0,0
8,0.297,0.331,0.327,0.213,0.286,0.281,0.306,0.225,0.262,5.68,5.11,1,0
5,0.28,0.4,0.225,0.283,0.284,0.251,0.309,0.25,0.303,3.92,5.48,0,0
5,0.386,0.309,0.278,0.309,0.289,0.302,0.245,0.285,0.257,5.09,4.9,1,0
6,0.324,0.307,0.299,0.26,0.208,0.338,0.262,0.34,0.301,9.68,5.82,0,0
3,0.303,0.367,0.348,0.281,0.252,0.3,0.269,0.343,0.128,3.38,5.45,1,0
1,0.167,0.327,0.303,0.196,0.291,0.279,0.327,0.276,0.056,2.39,4.31,0,0
4,0.305,0.306,0.355,0.308,0.316,0.301,0.228,0.251,0.285,4.55,4.71,1,0
1,0.392,0.306,0.321,0.312,0.369,0.323,0.267,0.213,0.196,3.18,4.51,0,1
6,0.287,0.226,0.25,0.287,0.393,0.289,0.256,0.29,0.194,4.03,4.16,1,0
1,0.283,0.357,0.211,0.3,0.318,0.283,0.281,0.249,0.283,4.32,5.07,0,0
3,0.34,0.262,0.246,0.307,0.259,0.296,0.301,0.2,0.299,3.89,4.84,1,0
5,0.289,0.34,0.286,0.295,0.317,0.339,0.265,0.255,0.248,3.61,4.88,0,1
4,0.326,0.282,0.261,0.275,0.291,0.282,0.167,0.214,0.281,4.96,5.8,1,0
6,0.28,0.313,0.272,0.253,0.241,0.312,0.283,0.287,0.367,9.28,5.65,0,0
9,0.301,0.353,0.363,0.252,0.302,0.269,0.281,0.34,0.143,6.41,5.45,1,0
14,0.301,0.239,0.333,0.292,0.207,0.296,0.205,0.279,0.297,3.42,4.39,0,0
2,0.298,0.3,0.355,0.305,0.357,0.322,0.276,0.282,0.226,2.41,4.69,1,0
1,0.321,0.305,0.318,0.368,0.312,0.323,0.268,0.389,0.214,3.8,4.48,0,0
8,0.29,0.406,0.222,0.289,0.273,0.265,0.287,0.235,0.259,5.42,4.19,1,0
2,0.358,0.302,0.313,0.275,0.283,0.275,0.297,0.278,0.25,3.45,5.05,0,0
5,0.337,0.338,0.3,0.291,0.328,0.298,0.305,0.262,0.159,4.51,4.82,1,0
8,0.317,0.335,0.29,0.247,0.338,0.255,0.265,0.283,0.262,3.75,4.89,0,1
1,0.28,0.265,0.323,0.281,0.278,0.286,0.263,0.251,0.244,4.02,5.75,1,0
5,0.281,0.271,0.309,0.28,0.289,0.312,0.29,0.349,0.368,4.93,5.64,0,0
2,0.3,0.209,0.329,0.333,0.292,0.224,0.288,0.294,0.277,3.08,4.8,1,0
0,0.313,0.335,0.332,0.295,0.294,0.248,0.253,0.26,0.231,5.01,5.4,0,1
4,0.339,0.34,0.25,0.297,0.328,0.28,0.298,0.259,0.19,4.5,4.38,1,0
3,0.248,0.305,0.297,0.36,0.279,0.272,0.238,0.248,0.354,4.62,4.88,0,0
4,0.278,0.279,0.281,0.281,0.265,0.206,0.325,0.236,0.252,3.24,4.47,1,0
10,0.355,0.32,0.306,0.299,0.356,0.284,0.279,0.287,0.299,8.02,5.68,0,0
1,0.285,0.253,0.333,0.315,0.333,0.306,0.322,0.311,0.387,5.0,5.01,1,0
13,0.221,0.288,0.459,0.272,0.306,0.27,0.293,0.275,0.211,29.7,4.77,0,0
6,0.359,0.321,0.309,0.272,0.301,0.286,0.292,0.228,0.279,7.59,5.73,1,0
4,0.269,0.313,0.278,0.28,0.291,0.296,0.328,0.307,0.242,4.84,4.19,0,0
3,0.334,0.292,0.255,0.291,0.245,0.298,0.295,0.275,0.33,5.32,4.77,1,0
4,0.334,0.297,0.279,0.248,0.261,0.293,0.233,0.317,0.333,5.64,5.38,0,0
3,0.34,0.275,0.25,0.297,0.267,0.298,0.167,0.325,0.179,4.31,4.37,1,0
4,0.292,0.356,0.359,0.298,0.301,0.275,0.282,0.339,0.247,7.06,4.87,0,0
2,0.374,0.28,0.283,0.324,0.279,0.279,0.234,0.26,0.254,4.95,4.47,1,0
1,0.296,0.359,0.304,0.296,0.356,0.285,0.321,0.28,0.277,4.78,5.65,0,1
2,0.276,0.273,0.287,0.321,0.278,0.259,0.255,0.278,0.242,3.86,5.35,1,0
3,0.247,0.263,0.291,0.294,0.203,0.334,0.295,0.218,0.292,2.94,5.63,0,0
3,0.321,0.306,0.317,0.31,0.263,0.367,0.321,0.384,0.211,3.97,4.75,1,0
7,0.333,0.317,0.332,0.241,0.282,0.24,0.248,0.265,0.294,3.44,4.78,0,0
3,0.355,0.319,0.292,0.272,0.258,0.302,0.283,0.232,0.293,4.8,4.35,1,0
4,0.357,0.284,0.358,0.296,0.301,0.234,0.247,0.273,0.24,3.2,4.19,0,0
6,0.294,0.296,0.3,0.218,0.267,0.237,0.45,0.282,0.308,5.33,4.48,1,1
10,0.294,0.356,0.359,0.305,0.324,0.292,0.278,0.295,0.283,4.45,5.05,0,0
11,0.34,0.298,0.323,0.301,0.3,0.279,0.254,0.254,0.186,5.69,5.78,1,0
5,0.278,0.333,0.315,0.284,0.256,0.309,0.245,0.299,0.241,3.77,4.87,0,0
9,0.268,0.323,0.276,0.281,0.286,0.286,0.279,0.2,0.266,3.74,5.37,1,0
10,0.292,0.294,0.332,0.217,0.295,0.208,0.333,0.275,0.292,7.32,5.65,0,0
5,0.307,0.319,0.306,0.32,0.318,0.386,0.364,0.26,0.203,3.84,4.75,1,0
7,0.315,0.336,0.333,0.245,0.265,0.3,0.246,0.235,0.28,3.46,4.8,0,0
9,0.241,0.279,0.292,0.289,0.305,0.283,0.263,0.355,0.289,2.81,4.39,1,0
3,0.284,0.244,0.335,0.358,0.301,0.271,0.294,0.236,0.151,4.06,4.18,0,0
1,0.293,0.409,0.281,0.288,0.297,0.298,0.207,0.205,0.258,3.09,4.45,1,0
4,0.286,0.285,0.358,0.358,0.304,0.285,0.291,0.322,0.248,4.22,5.04,0,0
5,0.339,0.289,0.267,0.3,0.3,0.323,0.301,0.298,0.18,4.78,5.76,1,0
1,0.277,0.266,0.31,0.314,0.29,0.252,0.282,0.238,0.3,4.65,4.84,0,0
7,0.301,0.358,0.354,0.301,0.24,0.284,0.269,0.331,0.251,4.98,5.64,1,0
1,0.268,0.281,0.193,0.279,0.279,0.234,0.278,0.322,0.263,3.26,4.36,0,0
11,0.339,0.299,0.258,0.267,0.317,0.28,0.331,0.25,0.244,3.24,4.22,1,1
0,0.242,0.276,0.285,0.354,0.301,0.282,0.28,0.26,0.28,4.22,4.71,0,0
7,0.283,0.258,0.274,0.312,0.311,0.303,0.179,0.267,0.29,3.54,5.06,1,0
9,0.296,0.289,0.417,0.215,0.255,0.221,0.3,0.268,0.279,11.74,5.79,0,0
6,0.293,0.357,0.355,0.282,0.286,0.325,0.23,0.253,0.308,3.71,4.85,1,0
5,0.25,0.336,0.302,0.299,0.293,0.303,0.291,0.188,0.16,3.79,4.46,0,0
6,0.318,0.231,0.292,0.286,0.278,0.294,0.191,0.333,0.05,4.51,4.81,1,0
3,0.309,0.316,0.365,0.303,0.26,0.384,0.318,0.317,0.212,5.92,5.34,0,0
7,0.3,0.363,0.287,0.333,0.235,0.297,0.248,0.352,0.231,9.26,5.66,1,0
5,0.274,0.28,0.285,0.228,0.278,0.367,0.283,0.232,0.274,4.74,4.37,0,0
8,0.316,0.298,0.328,0.257,0.341,0.254,0.239,0.27,0.181,4.17,4.25,1,1
2,0.232,0.315,0.295,0.279,0.316,0.352,0.261,0.283,0.288,3.06,4.68,0,0
5,0.307,0.278,0.312,0.28,0.308,0.302,0.312,0.258,0.288,4.96,5.04,1,0
7,0.291,0.3,0.292,0.293,0.212,0.404,0.272,0.235,0.269,4.22,5.8,0,0
4,0.29,0.352,0.281,0.288,0.186,0.362,0.305,0.236,0.323,4.52,4.85,1,1
3,0.284,0.337,0.25,0.299,0.304,0.305,0.334,0.292,0.271,3.23,4.44,0,0
2,0.295,0.301,0.279,0.268,0.293,0.212,0.389,0.238,0.253,4.83,5.31,1,0
1,0.214,0.288,0.329,0.278,0.295,0.282,0.244,0.333,0.186,3.75,5.01,0,1
7,0.353,0.235,0.3,0.289,0.304,0.231,0.363,0.212,0.249,3.32,4.8,1,0
8,0.387,0.319,0.304,0.316,0.317,0.369,0.264,0.194,0.313,5.81,4.4,0,0
14,0.279,0.304,0.308,0.282,0.313,0.291,0.262,0.186,0.303,5.31,5.72,1,0
8,0.292,0.326,0.27,0.276,0.277,0.281,0.279,0.204,0.282,9.88,5.82,0,0
5,0.293,0.349,0.319,0.364,0.303,0.237,0.278,0.279,0.289,4.87,4.25,1,1
4,0.24,0.32,0.312,0.286,0.287,0.281,0.214,0.355,0.277,4.87,4.44,0,0
6,0.315,0.298,0.282,0.253,0.343,0.33,0.241,0.277,0.262,4.93,4.86,1,1
1,0.331,0.261,0.283,0.337,0.302,0.301,0.296,0.284,0.268,5.07,4.65,0,0
4,0.295,0.297,0.296,0.386,0.265,0.21,0.239,0.254,0.277,5.35,5.28,1,1
2,0.217,0.286,0.294,0.262,0.329,0.333,0.222,0.286,0.308,4.24,4.98,0,0
5,0.231,0.304,0.268,0.352,0.362,0.327,0.287,0.248,0.206,3.53,4.8,1,0
4,0.32,0.318,0.306,0.315,0.386,0.321,0.367,0.268,0.212,4.88,4.4,0,0
2,0.279,0.303,0.313,0.259,0.306,0.288,0.301,0.118,0.197,2.78,5.69,1,0
3,0.203,0.291,0.277,0.226,0.267,0.324,0.284,0.233,0.277,5.61,5.79,0,0
1,0.3,0.315,0.289,0.36,0.237,0.349,0.28,0.276,0.257,2.93,4.2,1,1
1,0.328,0.313,0.29,0.276,0.229,0.353,0.288,0.263,0.282,5.03,4.4,0,0
8,0.313,0.344,0.331,0.3,0.29,0.279,0.279,0.242,0.25,4.13,4.89,1,1
9,0.33,0.269,0.301,0.324,0.311,0.302,0.286,0.194,0.338,5.22,4.68,0,0
9,0.282,0.3,0.311,0.309,0.212,0.265,0.3,0.279,0.289,3.38,4.82,1,0
10,0.323,0.319,0.365,0.28,0.384,0.311,0.213,0.322,0.266,5.22,5.83,0,0
8,0.242,0.306,0.302,0.364,0.286,0.282,0.187,0.342,0.353,4.04,4.23,1,0
4,0.326,0.27,0.282,0.222,0.353,0.308,0.285,0.295,0.275,3.9,5.27,0,0
7,0.257,0.348,0.314,0.288,0.293,0.358,0.294,0.234,0.282,3.92,4.7,1,1
5,0.317,0.28,0.281,0.299,0.342,0.331,0.278,0.251,0.241,3.15,4.4,0,0
2,0.27,0.281,0.213,0.292,0.324,0.285,0.275,0.275,0.223,2.82,4.38,1,0
13,0.356,0.37,0.286,0.303,0.306,0.272,0.235,0.326,0.254,5.0,5.75,0,0
8,0.33,0.339,0.3,0.268,0.326,0.305,0.304,0.288,0.269,4.41,5.01,1,0
4,0.297,0.361,0.299,0.297,0.304,0.211,0.252,0.276,0.267,3.7,4.88,0,1
1,0.281,0.299,0.311,0.306,0.214,0.279,0.303,0.287,0.313,4.43,4.79,1,0
5,0.319,0.325,0.383,0.32,0.364,0.309,0.264,0.277,0.25,9.55,5.82,0,0
5,0.31,0.265,0.248,0.367,0.276,0.342,0.286,0.3,0.179,3.4,4.24,1,0
6,0.23,0.312,0.29,0.275,0.27,0.27,0.353,0.283,0.261,5.86,5.27,0,0
2,0.281,0.31,0.359,0.28,0.345,0.301,0.294,0.239,0.254,4.0,4.68,1,1
5,0.319,0.299,0.33,0.282,0.278,0.339,0.267,0.269,0.253,3.6,4.41,0,0
9,0.266,0.213,0.299,0.324,0.29,0.276,0.233,0.276,0.28,3.57,4.42,1,0
5,0.308,0.37,0.352,0.299,0.286,0.277,0.236,0.33,0.252,7.55,5.74,0,0
10,0.337,0.304,0.332,0.277,0.288,0.302,0.323,0.304,0.198,3.63,5.05,1,0
0,0.3,0.299,0.264,0.254,0.294,0.302,0.213,0.259,0.235,4.3,4.84,0,0
10,0.345,0.314,0.254,0.369,0.286,0.231,0.3,0.195,0.348,5.17,5.79,1,0
1,0.262,0.298,0.208,0.321,0.287,0.276,0.277,0.281,0.22,3.56,5.23,0,0
8,0.32,0.295,0.341,0.283,0.184,0.33,0.269,0.272,0.241,5.15,4.45,1,0
5,0.304,0.296,0.351,0.303,0.282,0.232,0.367,0.183,0.331,3.15,4.69,0,0
9,0.326,0.32,0.384,0.311,0.316,0.366,0.273,0.213,0.265,3.5,4.44,1,0
4,0.283,0.31,0.36,0.279,0.292,0.301,0.344,0.296,0.237,4.56,4.79,0,0
5,0.298,0.299,0.307,0.236,0.264,0.253,0.215,0.296,0.344,4.26,5.81,1,0
4,0.284,0.31,0.304,0.279,0.3,0.313,0.268,0.285,0.264,4.81,5.04,0,0
3,0.316,0.349,0.265,0.224,0.317,0.288,0.274,0.267,0.287,4.43,4.82,1,0
5,0.329,0.334,0.276,0.303,0.303,0.308,0.305,0.267,0.254,4.04,4.25,0,1
1,0.33,0.319,0.297,0.364,0.308,0.284,0.2,0.261,0.2,8.72,5.75,1,0
6,0.207,0.274,0.321,0.282,0.229,0.216,0.303,0.285,0.285,6.02,5.24,0,0
6,0.34,0.268,0.279,0.283,0.323,0.291,0.331,0.265,0.243,4.92,4.47,1,0
1,0.304,0.366,0.349,0.304,0.283,0.238,0.295,0.329,0.251,4.8,4.66,0,0
5,0.327,0.383,0.32,0.37,0.31,0.317,0.263,0.175,0.25,4.85,4.43,1,1
3,0.308,0.286,0.292,0.346,0.276,0.301,0.235,0.25,0.361,6.38,4.77,0,0
8,0.302,0.309,0.303,0.298,0.26,0.251,0.233,0.257,0.275,5.74,5.82,1,0
7,0.305,0.278,0.286,0.296,0.314,0.31,0.286,0.299,0.233,5.72,5.05,0,0
6,0.307,0.225,0.288,0.261,0.265,0.352,0.317,0.277,0.286,4.34,4.82,1,0
2,0.326,0.333,0.304,0.304,0.3,0.269,0.309,0.263,0.202,2.94,4.23,0,1
9,0.29,0.339,0.333,0.282,0.285,0.243,0.323,0.294,0.267,5.24,5.27,1,1
0,0.323,0.203,0.275,0.293,0.359,0.277,0.286,0.333,0.281,4.53,4.62,0,0
4,0.332,0.303,0.328,0.268,0.316,0.302,0.288,0.2,0.261,3.45,4.76,1,0
7,0.38,0.323,0.329,0.367,0.308,0.317,0.26,0.211,0.275,4.87,4.83,0,1
6,0.303,0.365,0.302,0.285,0.351,0.293,0.252,0.227,0.233,5.04,4.25,1,0
0,0.0,0.352,0.317,0.27,0.261,0.337,0.284,0.276,0.221,5.45,4.43,0,0
7,0.3,0.258,0.203,0.321,0.286,0.36,0.276,0.286,0.279,4.15,5.03,1,0
15,0.238,0.224,0.301,0.297,0.314,0.306,0.273,0.261,0.0,3.14,5.82,0,0
2,0.363,0.272,0.299,0.29,0.282,0.346,0.309,0.232,0.211,8.2,5.79,1,0
3,0.319,0.311,0.299,0.221,0.305,0.5,0.264,0.14,0.296,5.04,4.42,0,0
7,0.325,0.293,0.332,0.279,0.288,0.297,0.256,0.34,0.241,5.35,5.29,1,1
2,0.282,0.337,0.352,0.272,0.313,0.289,0.0,0.257,0.333,3.89,4.6,0,0
8,0.33,0.319,0.327,0.259,0.305,0.288,0.301,0.323,0.263,3.27,4.78,1,0
7,0.33,0.381,0.306,0.318,0.259,0.326,0.22,0.272,0.209,3.75,4.85,0,1
5,0.366,0.287,0.297,0.252,0.303,0.326,0.235,0.226,0.349,4.14,4.26,1,0
0,0.29,0.27,0.349,0.262,0.281,0.261,0.303,0.284,0.274,2.62,4.4,0,0
13,0.417,0.326,0.279,0.267,0.282,0.3,0.291,0.224,0.211,4.75,5.1,1,0
5,0.249,0.301,0.316,0.308,0.259,0.224,0.302,0.353,0.259,5.08,5.82,0,1
7,0.287,0.282,0.364,0.3,0.308,0.232,0.292,0.297,0.252,5.3,5.8,1,0
1,0.313,0.264,0.282,0.333,0.311,0.303,0.299,0.216,0.268,3.1,4.39,0,0
4,0.1,0.348,0.319,0.27,0.255,0.286,0.303,0.278,0.259,4.41,4.77,1,0
3,0.327,0.376,0.362,0.312,0.317,0.222,0.256,0.429,0.305,3.44,4.24,0,0
6,0.3,0.299,0.315,0.311,0.255,0.228,0.25,0.366,0.236,4.36,4.61,1,0
2,0.324,0.337,0.294,0.331,0.279,0.295,0.288,0.24,0.254,3.49,5.07,0,1
9,0.31,0.306,0.267,0.285,0.279,0.298,0.32,0.261,0.222,3.69,4.43,1,0
3,0.351,0.297,0.363,0.29,0.285,0.236,0.301,0.224,0.25,8.0,5.78,0,0
6,0.279,0.31,0.288,0.346,0.283,0.322,0.34,0.158,0.333,3.82,4.4,1,0
4,0.285,0.363,0.302,0.289,0.27,0.285,0.23,0.345,0.29,3.94,5.28,0,0
5,0.375,0.299,0.325,0.29,0.273,0.267,0.233,0.286,0.275,4.15,4.84,1,0
1,0.326,0.332,0.301,0.299,0.252,0.311,0.284,0.305,0.208,1.93,5.78,0,0
6,0.16,0.307,0.326,0.263,0.35,0.279,0.262,0.283,0.268,5.21,4.78,1,0
0,0.336,0.316,0.309,0.304,0.36,0.254,0.377,0.208,0.375,3.81,4.21,0,0
9,0.286,0.276,0.308,0.324,0.341,0.344,0.287,0.182,0.19,3.73,4.44,1,0
13,0.286,0.349,0.363,0.289,0.304,0.276,0.25,0.231,0.286,3.87,5.34,0,0
5,0.3,0.275,0.327,0.293,0.276,0.283,0.295,0.265,0.286,4.46,4.85,1,0
4,0.326,0.329,0.325,0.3,0.31,0.268,0.297,0.303,0.214,5.04,5.76,0,0
2,0.323,0.309,0.326,0.302,0.314,0.275,0.178,0.361,0.211,5.37,5.31,1,0
11,0.291,0.339,0.325,0.278,0.288,0.347,0.193,0.296,0.34,7.93,4.82,0,0
3,0.345,0.291,0.276,0.283,0.361,0.251,0.307,0.305,0.257,7.48,5.73,1,0
7,0.293,0.328,0.275,0.232,0.292,0.264,0.287,0.273,0.366,4.76,4.45,0,1
1,0.325,0.304,0.328,0.297,0.298,0.323,0.276,0.296,0.21,2.73,4.16,1,0
1,0.32,0.275,0.299,0.347,0.265,0.179,0.222,0.26,0.259,4.13,4.8,0,0
4,0.303,0.361,0.292,0.35,0.25,0.297,0.329,0.286,0.238,4.93,5.07,1,0
3,0.296,0.229,0.275,0.297,0.311,0.26,0.313,0.232,0.247,4.95,4.42,0,0
5,0.322,0.293,0.34,0.278,0.292,0.288,0.264,0.331,0.255,4.32,5.77,1,0
6,0.282,0.317,0.307,0.308,0.281,0.272,0.222,0.299,0.36,3.38,4.62,0,0
9,0.31,0.377,0.326,0.304,0.316,0.252,0.331,0.359,0.205,6.08,5.34,1,0
5,0.324,0.341,0.294,0.3,0.33,0.289,0.292,0.198,0.281,3.52,4.82,0,0
3,0.307,0.362,0.302,0.294,0.229,0.294,0.281,0.249,0.344,3.08,5.72,1,0
2,0.325,0.294,0.272,0.36,0.294,0.223,0.265,0.206,0.23,4.79,4.43,0,1
9,0.327,0.302,0.328,0.301,0.275,0.246,0.297,0.27,0.208,5.15,4.17,1,0
10,0.308,0.348,0.296,0.277,0.262,0.219,0.263,0.265,0.284,5.73,4.84,0,0
4,0.291,0.304,0.36,0.35,0.284,0.243,0.304,0.327,0.248,4.06,5.06,1,0
2,0.293,0.294,0.315,0.307,0.229,0.252,0.275,0.387,0.246,4.99,4.4,0,0
6,0.294,0.324,0.342,0.333,0.287,0.259,0.258,0.279,0.237,5.86,5.78,1,0
5,0.271,0.284,0.315,0.309,0.278,0.212,0.308,0.13,0.25,4.98,4.63,0,0
3,0.289,0.294,0.272,0.208,0.28,0.288,0.277,0.263,0.294,4.53,4.62,1,0
2,0.328,0.334,0.284,0.34,0.294,0.25,0.28,0.242,0.257,8.35,5.69,0,0
6,0.325,0.287,0.329,0.295,0.339,0.294,0.231,0.202,0.281,2.73,4.41,1,0
3,0.356,0.349,0.303,0.239,0.308,0.287,0.33,0.29,0.247,5.06,5.32,0,0
4,0.194,0.347,0.303,0.28,0.264,0.281,0.266,0.274,0.281,3.21,4.43,1,0
3,0.308,0.276,0.346,0.297,0.3,0.249,0.362,0.23,0.275,4.17,4.16,0,0
6,0.377,0.329,0.355,0.251,0.309,0.304,0.318,0.206,0.273,7.99,5.77,1,0
5,0.283,0.301,0.28,0.27,0.308,0.31,0.5,0.0,0.231,3.2,4.81,0,0
2,0.289,0.291,0.314,0.307,0.23,0.276,0.372,0.261,0.251,3.6,4.82,1,0
1,0.325,0.274,0.329,0.298,0.295,0.294,0.248,0.258,0.301,4.5,5.03,0,0
5,0.209,0.294,0.285,0.325,0.289,0.231,0.295,0.27,0.261,4.4,4.62,1,0
7,0.327,0.279,0.339,0.294,0.26,0.336,0.263,0.285,0.24,5.19,5.7,0,0
5,0.314,0.2,0.333,0.299,0.338,0.34,0.295,0.278,0.273,5.52,4.41,1,0
11,0.363,0.243,0.35,0.289,0.287,0.288,0.33,0.241,0.195,5.23,5.35,0,0
1,0.324,0.276,0.2,0.309,0.268,0.284,0.265,0.265,0.278,3.8,4.4,1,0
5,0.276,0.296,0.255,0.28,0.306,0.345,0.272,0.231,0.293,3.48,4.17,0,0
6,0.311,0.355,0.315,0.304,0.258,0.381,0.327,0.331,0.271,5.27,5.75,1,0
9,0.284,0.313,0.308,0.3,0.269,0.303,0.222,0.302,0.281,3.54,4.83,0,0
17,0.386,0.292,0.319,0.233,0.273,0.266,0.294,0.307,0.234,4.64,4.92,1,0
8,0.295,0.302,0.326,0.327,0.288,0.294,0.284,0.292,0.259,3.62,5.05,0,0
2,0.283,0.302,0.312,0.305,0.279,0.27,0.303,0.297,0.217,3.8,5.32,1,0
6,0.312,0.335,0.344,0.336,0.277,0.288,0.284,0.3,0.287,8.13,5.75,0,0
2,0.291,0.379,0.318,0.231,0.307,0.275,0.267,0.259,0.24,4.35,4.8,1,0
6,0.306,0.379,0.325,0.303,0.255,0.208,0.355,0.315,0.331,5.11,5.05,0,0
2,0.324,0.287,0.294,0.286,0.301,0.289,0.325,0.264,0.204,4.84,5.65,1,0
3,0.27,0.284,0.324,0.297,0.284,0.275,0.264,0.212,0.22,3.91,4.9,0,0
1,0.205,0.345,0.278,0.317,0.261,0.265,0.301,0.277,0.264,3.76,4.59,1,0
2,0.342,0.291,0.335,0.282,0.329,0.279,0.265,0.257,0.236,3.76,4.15,0,0
13,0.354,0.34,0.236,0.305,0.299,0.313,0.289,0.247,0.248,4.26,4.47,1,0
14,0.306,0.271,0.296,0.275,0.361,0.304,0.231,0.255,0.345,5.18,4.48,0,0
13,0.315,0.313,0.266,0.287,0.304,0.279,0.307,0.303,0.333,4.27,5.37,1,0
5,0.294,0.286,0.203,0.269,0.289,0.335,0.336,0.307,0.275,4.38,5.75,0,0
15,0.292,0.324,0.311,0.277,0.293,0.234,0.213,0.267,0.237,3.61,4.88,1,0
10,0.324,0.356,0.318,0.27,0.303,0.258,0.212,0.331,0.376,6.05,5.09,0,0
8,0.326,0.323,0.285,0.303,0.258,0.322,0.28,0.292,0.264,7.83,5.66,1,0
0,0.213,0.287,0.267,0.322,0.268,0.233,0.232,0.296,0.261,4.74,4.86,0,0
3,0.311,0.315,0.279,0.275,0.266,0.28,0.196,0.344,0.32,3.43,4.59,1,0
1,0.329,0.341,0.29,0.333,0.277,0.257,0.285,0.259,0.238,2.54,4.12,0,0
3,0.365,0.29,0.351,0.232,0.291,0.2,0.136,0.304,0.295,4.64,4.46,1,0
13,0.3,0.261,0.362,0.347,0.29,0.214,0.282,0.301,0.304,5.57,4.54,0,0
2,0.325,0.291,0.341,0.333,0.291,0.286,0.26,0.236,0.0,3.0,4.86,1,0
11,0.326,0.323,0.356,0.38,0.32,0.305,0.259,0.274,0.216,5.56,4.63,0,0
12,0.224,0.289,0.267,0.322,0.296,0.232,0.303,0.277,0.263,5.35,4.17,1,0
11,0.231,0.318,0.346,0.319,0.264,0.276,0.273,0.223,0.264,3.04,5.65,0,0
6,0.365,0.304,0.287,0.344,0.305,0.272,0.301,0.262,0.231,4.08,5.1,1,1
8,0.325,0.259,0.269,0.294,0.359,0.234,0.308,0.237,0.242,4.83,4.48,0,0
11,0.35,0.23,0.294,0.306,0.239,0.345,0.257,0.288,0.368,6.27,5.77,1,0
11,0.313,0.315,0.265,0.276,0.285,0.294,0.305,0.248,0.26,6.93,4.57,0,0
10,0.202,0.347,0.29,0.334,0.331,0.258,0.313,0.29,0.284,4.38,4.9,1,0
2,0.322,0.256,0.29,0.325,0.287,0.326,0.242,0.265,0.281,5.87,5.34,0,0
4,0.322,0.34,0.288,0.26,0.245,0.331,0.277,0.292,0.268,3.14,4.85,1,0
3,0.324,0.274,0.324,0.353,0.318,0.257,0.217,0.2,0.306,4.37,4.62,0,0
5,0.32,0.282,0.224,0.292,0.306,0.233,0.27,0.273,0.275,4.23,4.17,1,0
4,0.32,0.314,0.23,0.259,0.348,0.278,0.236,0.273,0.274,8.12,5.63,0,0
0,0.259,0.302,0.362,0.344,0.304,0.299,0.283,0.288,0.27,4.18,5.06,1,0
5,0.218,0.294,0.311,0.234,0.354,0.328,0.279,0.24,0.268,3.35,4.49,0,0
3,0.233,0.346,0.29,0.294,0.243,0.333,0.365,0.336,0.289,3.86,5.75,1,0
11,0.282,0.312,0.309,0.314,0.267,0.3,0.248,0.111,0.314,3.39,4.62,0,0
6,0.332,0.29,0.325,0.278,0.29,0.265,0.218,0.323,0.257,3.5,4.89,1,0
4,0.329,0.324,0.286,0.29,0.28,0.323,0.25,0.262,0.244,5.11,5.33,0,0
1,0.324,0.313,0.319,0.333,0.348,0.271,0.263,0.226,0.273,4.98,5.3,1,0
3,0.321,0.289,0.33,0.344,0.206,0.273,0.293,0.211,0.273,3.33,4.16,0,0
17,0.326,0.384,0.304,0.305,0.317,0.257,0.275,0.221,0.354,9.53,5.72,1,0
3,0.225,0.261,0.303,0.292,0.323,0.275,0.268,0.0,0.237,3.44,4.83,0,0
5,0.282,0.313,0.316,0.31,0.214,0.31,0.268,0.257,0.219,10.61,4.49,1,0
9,0.292,0.363,0.298,0.286,0.258,0.304,0.343,0.309,0.271,9.23,5.77,0,0
6,0.319,0.288,0.332,0.293,0.34,0.27,0.28,0.234,0.261,3.65,5.06,1,0
1,0.291,0.34,0.324,0.31,0.259,0.264,0.238,0.234,0.277,4.2,4.59,0,1
15,0.235,0.301,0.341,0.347,0.307,0.246,0.353,0.29,0.258,5.06,4.96,1,0
14,0.328,0.292,0.288,0.328,0.243,0.291,0.284,0.244,0.278,5.48,4.66,0,0
8,0.265,0.264,0.259,0.333,0.348,0.313,0.27,0.264,0.277,3.93,5.32,1,0
1,0.327,0.343,0.294,0.314,0.287,0.322,0.269,0.226,0.291,3.58,4.14,0,1
4,0.383,0.355,0.274,0.304,0.308,0.257,0.327,0.268,0.318,4.76,5.71,1,0
3,0.305,0.261,0.295,0.324,0.297,0.277,0.267,0.227,0.25,4.35,4.82,0,0
8,0.321,0.276,0.303,0.314,0.306,0.28,0.261,0.268,0.314,4.19,4.49,1,0
21,0.296,0.365,0.299,0.26,0.272,0.307,0.345,0.309,0.268,9.84,5.88,0,0
9,0.32,0.338,0.331,0.288,0.293,0.283,0.262,0.272,0.24,5.33,5.09,1,0
5,0.271,0.278,0.312,0.241,0.218,0.244,0.288,0.244,0.268,3.89,4.6,0,0
6,0.241,0.3,0.363,0.305,0.289,0.347,0.247,0.338,0.296,3.8,4.97,1,0
14,0.33,0.328,0.297,0.242,0.206,0.297,0.287,0.204,0.256,5.62,4.73,0,0
7,0.347,0.264,0.324,0.222,0.313,0.26,0.263,0.275,0.25,7.66,5.72,1,0
15,0.236,0.299,0.304,0.323,0.268,0.297,0.278,0.255,0.237,2.46,4.21,0,0
3,0.338,0.241,0.329,0.252,0.318,0.296,0.281,0.263,0.267,4.52,4.48,1,1
8,0.303,0.344,0.313,0.298,0.301,0.263,0.268,0.283,0.273,5.7,4.62,0,0
4,0.303,0.352,0.307,0.257,0.382,0.311,0.278,0.217,0.26,4.16,5.08,1,0
7,0.287,0.317,0.27,0.321,0.241,0.219,0.273,0.279,0.242,3.69,4.82,0,0
1,0.317,0.346,0.317,0.268,0.276,0.257,0.265,0.234,0.273,4.98,5.29,1,0
2,0.317,0.286,0.326,0.289,0.227,0.341,0.322,0.212,0.27,5.29,4.19,0,0
2,0.238,0.35,0.297,0.306,0.247,0.351,0.366,0.287,0.256,4.7,4.46,1,0
3,0.26,0.312,0.3,0.272,0.305,0.214,0.295,0.342,0.265,5.4,4.71,0,1
3,0.381,0.305,0.316,0.26,0.324,0.173,0.308,0.253,0.351,4.18,5.07,1,0
4,0.286,0.321,0.319,0.241,0.258,0.262,0.327,0.272,0.277,3.27,4.81,0,0
8,0.283,0.315,0.308,0.32,0.278,0.273,0.262,0.311,0.259,4.53,4.23,1,0
4,0.316,0.316,0.348,0.266,0.269,0.278,0.307,0.274,0.259,4.28,5.87,0,0
3,0.306,0.231,0.295,0.32,0.299,0.266,0.234,0.266,0.245,3.56,4.95,1,0
5,0.298,0.329,0.33,0.296,0.281,0.307,0.284,0.268,0.244,7.9,5.71,0,0
4,0.27,0.308,0.322,0.287,0.309,0.283,0.307,0.264,0.083,3.32,4.22,1,0
8,0.262,0.349,0.267,0.258,0.31,0.25,0.313,0.308,0.266,4.02,5.88,0,0
0,0.322,0.283,0.324,0.339,0.318,0.293,0.286,0.265,0.222,3.92,4.59,1,0
2,0.317,0.338,0.293,0.326,0.283,0.289,0.295,0.266,0.271,5.59,5.27,0,0
0,0.313,0.305,0.257,0.28,0.381,0.306,0.349,0.256,0.225,3.22,4.43,1,0
6,0.264,0.342,0.307,0.369,0.309,0.272,0.298,0.226,0.262,3.57,4.82,0,1
8,0.381,0.327,0.314,0.303,0.35,0.307,0.263,0.247,0.216,5.18,5.73,1,0
3,0.306,0.298,0.32,0.227,0.277,0.264,0.278,0.257,0.264,3.36,4.81,0,0
9,0.366,0.303,0.289,0.351,0.347,0.125,0.254,0.244,0.2,3.78,4.25,1,0
11,0.271,0.312,0.348,0.319,0.27,0.269,0.259,0.286,0.316,3.61,4.76,0,0
8,0.229,0.312,0.327,0.288,0.345,0.283,0.339,0.316,0.224,8.59,5.87,1,0
7,0.312,0.306,0.311,0.323,0.289,0.306,0.266,0.222,0.143,5.22,5.27,0,0
7,0.336,0.319,0.286,0.287,0.269,0.324,0.295,0.282,0.248,3.95,4.97,1,0
2,0.329,0.301,0.3,0.274,0.301,0.239,0.241,0.282,0.27,3.84,4.57,0,0
0,0.38,0.241,0.326,0.348,0.314,0.282,0.261,0.25,0.217,4.6,5.24,1,0
5,0.308,0.236,0.225,0.26,0.22,0.345,0.292,0.267,0.241,4.2,4.81,0,0
6,0.304,0.3,0.368,0.223,0.309,0.273,0.298,0.343,0.262,4.84,5.73,1,1
4,0.301,0.299,0.319,0.267,0.278,0.234,0.279,0.224,0.348,4.49,4.42,0,0
4,0.237,0.349,0.369,0.301,0.287,0.242,0.346,0.307,0.254,2.39,4.25,1,0
3,0.268,0.27,0.259,0.26,0.307,0.346,0.319,0.286,0.267,3.56,4.75,0,0
11,0.32,0.335,0.325,0.289,0.3,0.266,0.294,0.288,0.248,16.62,5.28,1,0
8,0.226,0.328,0.227,0.287,0.315,0.25,0.346,0.231,0.262,3.68,4.59,0,0
6,0.379,0.305,0.325,0.345,0.314,0.264,0.218,0.306,0.267,5.56,4.27,1,0
0,0.301,0.343,0.311,0.263,0.267,0.271,0.266,0.3,0.261,3.55,4.77,0,0
1,0.283,0.313,0.321,0.289,0.303,0.304,0.27,0.264,0.211,5.22,4.72,1,0
11,0.239,0.366,0.3,0.312,0.344,0.259,0.35,0.285,0.244,6.3,5.9,0,0
3,0.3,0.23,0.3,0.264,0.279,0.27,0.23,0.275,0.317,4.2,4.41,1,0
2,0.37,0.23,0.275,0.259,0.343,0.307,0.296,0.273,0.303,7.29,5.7,0,1
4,0.309,0.327,0.342,0.298,0.287,0.285,0.244,0.259,0.22,3.51,4.75,1,0
7,0.308,0.376,0.322,0.343,0.316,0.264,0.304,0.217,0.261,4.18,5.28,0,0
6,0.3,0.299,0.315,0.303,0.273,0.285,0.227,0.232,0.228,3.43,4.28,1,0
15,0.347,0.267,0.288,0.31,0.274,0.266,0.256,0.308,0.316,8.11,5.77,0,0
2,0.308,0.338,0.256,0.221,0.235,0.219,0.229,0.283,0.274,4.14,4.73,1,0
7,0.309,0.343,0.269,0.314,0.287,0.332,0.322,0.22,0.376,5.75,5.29,0,0
2,0.286,0.318,0.316,0.239,0.273,0.281,0.236,0.321,0.275,3.72,4.58,1,0
7,0.336,0.293,0.288,0.322,0.323,0.302,0.296,0.259,0.267,4.42,5.07,0,1
3,0.274,0.346,0.265,0.27,0.268,0.253,0.272,0.304,0.286,3.14,4.4,1,0
5,0.306,0.306,0.275,0.23,0.302,0.368,0.343,0.298,0.283,3.88,4.29,0,0
8,0.362,0.243,0.347,0.285,0.346,0.3,0.299,0.263,0.31,3.77,4.98,1,0
4,0.303,0.272,0.326,0.299,0.205,0.222,0.25,0.33,0.267,3.67,4.71,0,0
1,0.31,0.28,0.329,0.337,0.309,0.226,0.284,0.261,0.226,3.6,5.04,1,0
4,0.286,0.315,0.239,0.319,0.279,0.258,0.203,0.0,0.221,4.54,5.28,0,0
4,0.343,0.263,0.278,0.269,0.31,0.235,0.254,0.267,0.27,6.48,5.88,1,0
3,0.312,0.32,0.301,0.283,0.262,0.268,0.289,0.264,0.276,2.38,4.27,0,0
11,0.363,0.302,0.245,0.312,0.285,0.345,0.349,0.266,0.31,4.38,5.02,1,1
4,0.325,0.298,0.154,0.331,0.301,0.318,0.273,0.195,0.309,3.42,4.71,0,0
20,0.315,0.279,0.301,0.301,0.276,0.239,0.307,0.28,0.25,3.65,4.85,1,0
2,0.283,0.322,0.309,0.344,0.302,0.31,0.267,0.219,0.176,4.69,5.74,0,1
4,0.279,0.327,0.309,0.303,0.336,0.308,0.286,0.258,0.224,4.64,4.4,1,0
6,0.366,0.274,0.303,0.308,0.296,0.239,0.3,0.343,0.263,5.06,5.28,0,0
3,0.32,0.276,0.311,0.263,0.275,0.267,0.2,0.261,0.344,5.21,5.86,1,0
10,0.305,0.317,0.284,0.31,0.278,0.265,0.303,0.306,0.118,4.63,4.31,0,0
3,0.3,0.278,0.302,0.312,0.308,0.354,0.237,0.236,0.283,3.44,4.81,1,0
5,0.308,0.331,0.319,0.343,0.3,0.315,0.27,0.372,0.218,7.27,5.72,0,0
2,0.289,0.301,0.306,0.283,0.3,0.312,0.272,0.354,0.238,3.48,4.79,1,0
10,0.332,0.309,0.316,0.342,0.272,0.222,0.32,0.37,0.301,6.61,5.75,0,0
2,0.34,0.277,0.296,0.237,0.259,0.306,0.304,0.301,0.366,5.33,5.02,1,0
3,0.285,0.242,0.291,0.256,0.0,0.316,0.272,0.277,0.234,4.06,4.38,0,0
4,0.321,0.335,0.32,0.285,0.291,0.292,0.303,0.291,0.27,5.36,4.3,1,1
2,0.261,0.312,0.304,0.263,0.278,0.327,0.265,0.217,0.25,3.8,4.56,0,0
8,0.31,0.327,0.285,0.221,0.34,0.257,0.306,0.307,0.277,5.29,4.71,1,0
8,0.363,0.347,0.3,0.286,0.286,0.35,0.312,0.083,0.308,17.18,5.28,0,1
10,0.303,0.28,0.284,0.315,0.265,0.263,0.318,0.143,0.31,4.47,5.03,1,0
9,0.324,0.332,0.307,0.312,0.269,0.188,0.167,0.311,0.252,4.38,5.88,0,0
